-- phpMyAdmin SQL Dump
-- version 4.6.5.2
-- https://www.phpmyadmin.net/
--
-- Host: 127.0.0.1
-- Generation Time: Aug 09, 2018 at 07:45 PM
-- Server version: 10.1.21-MariaDB
-- PHP Version: 7.1.1

SET SQL_MODE = "NO_AUTO_VALUE_ON_ZERO";
SET time_zone = "+00:00";


/*!40101 SET @OLD_CHARACTER_SET_CLIENT=@@CHARACTER_SET_CLIENT */;
/*!40101 SET @OLD_CHARACTER_SET_RESULTS=@@CHARACTER_SET_RESULTS */;
/*!40101 SET @OLD_COLLATION_CONNECTION=@@COLLATION_CONNECTION */;
/*!40101 SET NAMES utf8mb4 */;

--
-- Database: `a4ta8l`
--

-- --------------------------------------------------------

--
-- Table structure for table `applies`
--

CREATE TABLE `applies` (
  `id` int(10) UNSIGNED NOT NULL,
  `status` int(11) NOT NULL,
  `user_id` int(10) UNSIGNED NOT NULL,
  `job_id` int(10) UNSIGNED NOT NULL,
  `remember_token` varchar(100) COLLATE utf8mb4_unicode_ci DEFAULT NULL,
  `created_at` timestamp NULL DEFAULT NULL,
  `updated_at` timestamp NULL DEFAULT NULL
) ENGINE=InnoDB DEFAULT CHARSET=utf8mb4 COLLATE=utf8mb4_unicode_ci;

--
-- Dumping data for table `applies`
--

INSERT INTO `applies` (`id`, `status`, `user_id`, `job_id`, `remember_token`, `created_at`, `updated_at`) VALUES
(1, 1, 41, 1, NULL, '2018-08-06 03:26:10', '2018-08-06 03:26:10'),
(2, 1, 41, 1, NULL, '2018-08-06 03:32:31', '2018-08-06 03:32:31'),
(3, 1, 41, 1, NULL, '2018-08-06 03:32:46', '2018-08-06 03:32:46'),
(4, 1, 41, 1, NULL, '2018-08-06 03:41:29', '2018-08-06 03:41:29'),
(5, 1, 41, 1, NULL, '2018-08-06 03:41:36', '2018-08-06 03:41:36'),
(6, 1, 41, 1, NULL, '2018-08-06 03:41:38', '2018-08-06 03:41:38'),
(7, 1, 41, 1, NULL, '2018-08-06 03:41:39', '2018-08-06 03:41:39'),
(8, 1, 41, 1, NULL, '2018-08-06 03:41:41', '2018-08-06 03:41:41'),
(9, 1, 41, 1, NULL, '2018-08-06 03:41:42', '2018-08-06 03:41:42'),
(10, 1, 41, 1, NULL, '2018-08-06 03:46:14', '2018-08-06 03:46:14'),
(11, 1, 41, 1, NULL, '2018-08-06 03:46:16', '2018-08-06 03:46:16'),
(12, 1, 41, 1, NULL, '2018-08-06 03:47:33', '2018-08-06 03:47:33'),
(13, 1, 41, 3, NULL, '2018-08-06 15:23:17', '2018-08-06 15:23:17'),
(14, 1, 41, 2, NULL, '2018-08-06 15:23:28', '2018-08-06 15:23:28'),
(15, 0, 41, 4, NULL, '2018-08-06 15:24:17', '2018-08-06 15:24:17'),
(16, 0, 41, 5, NULL, '2018-08-06 15:25:57', '2018-08-06 15:25:57'),
(17, 0, 41, 5, NULL, '2018-08-06 15:28:09', '2018-08-06 15:28:09'),
(18, 0, 41, 5, NULL, '2018-08-06 15:28:17', '2018-08-06 15:28:17'),
(19, 0, 41, 5, NULL, '2018-08-06 15:29:56', '2018-08-06 15:29:56'),
(20, 0, 41, 5, NULL, '2018-08-06 15:46:18', '2018-08-06 15:46:18'),
(21, 0, 41, 8, NULL, '2018-08-06 15:46:47', '2018-08-06 15:46:47'),
(22, 0, 41, 11, NULL, '2018-08-06 15:48:55', '2018-08-06 15:48:55'),
(23, 0, 41, 11, NULL, '2018-08-06 15:50:20', '2018-08-06 15:50:20'),
(24, 0, 41, 11, NULL, '2018-08-06 15:50:27', '2018-08-06 15:50:27'),
(25, 0, 41, 11, NULL, '2018-08-06 15:56:19', '2018-08-06 15:56:19'),
(26, 0, 41, 11, NULL, '2018-08-06 15:56:30', '2018-08-06 15:56:30'),
(27, 0, 41, 18, NULL, '2018-08-06 15:56:42', '2018-08-06 15:56:42'),
(28, 0, 41, 20, NULL, '2018-08-06 15:57:34', '2018-08-06 15:57:34'),
(29, 0, 41, 81, NULL, '2018-08-06 16:05:39', '2018-08-06 16:05:39'),
(30, 0, 41, 112, NULL, '2018-08-06 16:05:55', '2018-08-06 16:05:55'),
(31, 0, 41, 106, NULL, '2018-08-06 17:09:06', '2018-08-06 17:09:06'),
(32, 1, 41, 105, NULL, '2018-08-06 17:12:23', '2018-08-06 21:46:00'),
(33, 0, 41, 1, NULL, '2018-08-06 19:13:01', '2018-08-06 19:13:01'),
(34, 0, 41, 101, NULL, '2018-08-06 19:17:08', '2018-08-06 19:17:08'),
(35, 0, 41, 101, NULL, '2018-08-06 19:18:51', '2018-08-06 19:18:51'),
(36, 0, 41, 101, NULL, '2018-08-06 19:18:53', '2018-08-06 19:18:53'),
(37, 0, 41, 102, NULL, '2018-08-06 19:18:54', '2018-08-06 19:18:54'),
(38, 0, 41, 81, NULL, '2018-08-06 19:18:59', '2018-08-06 19:18:59'),
(39, 1, 41, 81, NULL, '2018-08-06 19:19:21', '2018-08-06 19:19:21'),
(40, 1, 41, 82, NULL, '2018-08-06 19:19:27', '2018-08-06 19:19:27'),
(41, 0, 41, 81, NULL, '2018-08-06 19:20:39', '2018-08-06 19:20:39'),
(42, 0, 41, 108, NULL, '2018-08-06 19:42:02', '2018-08-06 19:42:02'),
(43, 1, 42, 105, NULL, '2018-08-06 21:47:58', '2018-08-07 02:11:59'),
(44, 0, 44, 1, NULL, '2018-08-07 01:49:19', '2018-08-07 01:49:19'),
(45, 0, 44, 105, NULL, '2018-08-07 01:49:42', '2018-08-07 01:49:42');

-- --------------------------------------------------------

--
-- Table structure for table `bookmarks`
--

CREATE TABLE `bookmarks` (
  `id` int(10) UNSIGNED NOT NULL,
  `user_id` int(10) UNSIGNED NOT NULL,
  `job_id` int(10) UNSIGNED NOT NULL,
  `remember_token` varchar(100) COLLATE utf8mb4_unicode_ci DEFAULT NULL,
  `created_at` timestamp NULL DEFAULT NULL,
  `updated_at` timestamp NULL DEFAULT NULL
) ENGINE=InnoDB DEFAULT CHARSET=utf8mb4 COLLATE=utf8mb4_unicode_ci;

-- --------------------------------------------------------

--
-- Table structure for table `countries`
--

CREATE TABLE `countries` (
  `id` int(10) UNSIGNED NOT NULL,
  `name` varchar(191) COLLATE utf8mb4_unicode_ci NOT NULL,
  `remember_token` varchar(100) COLLATE utf8mb4_unicode_ci DEFAULT NULL,
  `created_at` timestamp NULL DEFAULT NULL,
  `updated_at` timestamp NULL DEFAULT NULL
) ENGINE=InnoDB DEFAULT CHARSET=utf8mb4 COLLATE=utf8mb4_unicode_ci;

--
-- Dumping data for table `countries`
--

INSERT INTO `countries` (`id`, `name`, `remember_token`, `created_at`, `updated_at`) VALUES
(1, 'Afghanistan', NULL, NULL, NULL),
(2, 'Albania', NULL, NULL, NULL),
(3, 'Algeria', NULL, NULL, NULL),
(4, 'American Samoa', NULL, NULL, NULL),
(5, 'Andorra', NULL, NULL, NULL),
(6, 'Angola', NULL, NULL, NULL),
(7, 'Anguilla', NULL, NULL, NULL),
(8, 'Antarctica', NULL, NULL, NULL),
(9, 'Antigua and Barbuda', NULL, NULL, NULL),
(10, 'Argentina', NULL, NULL, NULL),
(11, 'Armenia', NULL, NULL, NULL),
(12, 'Aruba', NULL, NULL, NULL),
(13, 'Australia', NULL, NULL, NULL),
(14, 'Austria', NULL, NULL, NULL),
(15, 'Azerbaijan', NULL, NULL, NULL),
(16, 'Bahamas', NULL, NULL, NULL),
(17, 'Bahrain', NULL, NULL, NULL),
(18, 'Bangladesh', NULL, NULL, NULL),
(19, 'Barbados', NULL, NULL, NULL),
(20, 'Belarus', NULL, NULL, NULL),
(21, 'Belgium', NULL, NULL, NULL),
(22, 'Belize', NULL, NULL, NULL),
(23, 'Benin', NULL, NULL, NULL),
(24, 'Bermuda', NULL, NULL, NULL),
(25, 'Bhutan', NULL, NULL, NULL),
(26, 'Bolivia', NULL, NULL, NULL),
(27, 'Bosnia and Herzegowina', NULL, NULL, NULL),
(28, 'Botswana', NULL, NULL, NULL),
(29, 'Bouvet Island', NULL, NULL, NULL),
(30, 'Brazil', NULL, NULL, NULL),
(31, 'British Indian Ocean Territory', NULL, NULL, NULL),
(32, 'Brunei Darussalam', NULL, NULL, NULL),
(33, 'Bulgaria', NULL, NULL, NULL),
(34, 'Burkina Faso', NULL, NULL, NULL),
(35, 'Burundi', NULL, NULL, NULL),
(36, 'Cambodia', NULL, NULL, NULL),
(37, 'Cameroon', NULL, NULL, NULL),
(38, 'Canada', NULL, NULL, NULL),
(39, 'Cape Verde', NULL, NULL, NULL),
(40, 'Cayman Islands', NULL, NULL, NULL),
(41, 'Central African Republic', NULL, NULL, NULL),
(42, 'Chad', NULL, NULL, NULL),
(43, 'Chile', NULL, NULL, NULL),
(44, 'China', NULL, NULL, NULL),
(45, 'Christmas Island', NULL, NULL, NULL),
(46, 'Cocos (Keeling) Islands', NULL, NULL, NULL),
(47, 'Colombia', NULL, NULL, NULL),
(48, 'Comoros', NULL, NULL, NULL),
(49, 'Congo', NULL, NULL, NULL),
(50, 'Congo, the Democratic Republic of the', NULL, NULL, NULL),
(51, 'Cook Islands', NULL, NULL, NULL),
(52, 'Costa Rica', NULL, NULL, NULL),
(53, 'Cote d\'Ivoire', NULL, NULL, NULL),
(54, 'Croatia (Hrvatska)', NULL, NULL, NULL),
(55, 'Cuba', NULL, NULL, NULL),
(56, 'Cyprus', NULL, NULL, NULL),
(57, 'Czech Republic', NULL, NULL, NULL),
(58, 'Denmark', NULL, NULL, NULL),
(59, 'Djibouti', NULL, NULL, NULL),
(60, 'Dominica', NULL, NULL, NULL),
(61, 'Dominican Republic', NULL, NULL, NULL),
(62, 'East Timor', NULL, NULL, NULL),
(63, 'Ecuador', NULL, NULL, NULL),
(64, 'Egypt', NULL, NULL, NULL),
(65, 'El Salvador', NULL, NULL, NULL),
(66, 'Equatorial Guinea', NULL, NULL, NULL),
(67, 'Eritrea', NULL, NULL, NULL),
(68, 'Estonia', NULL, NULL, NULL),
(69, 'Ethiopia', NULL, NULL, NULL),
(70, 'Falkland Islands (Malvinas)', NULL, NULL, NULL),
(71, 'Faroe Islands', NULL, NULL, NULL),
(72, 'Fiji', NULL, NULL, NULL),
(73, 'Finland', NULL, NULL, NULL),
(74, 'France', NULL, NULL, NULL),
(75, 'France Metropolitan', NULL, NULL, NULL),
(76, 'French Guiana', NULL, NULL, NULL),
(77, 'French Polynesia', NULL, NULL, NULL),
(78, 'French Southern Territories', NULL, NULL, NULL),
(79, 'Gabon', NULL, NULL, NULL),
(80, 'Gambia', NULL, NULL, NULL),
(81, 'Georgia', NULL, NULL, NULL),
(82, 'Germany', NULL, NULL, NULL),
(83, 'Ghana', NULL, NULL, NULL),
(84, 'Gibraltar', NULL, NULL, NULL),
(85, 'Greece', NULL, NULL, NULL),
(86, 'Greenland', NULL, NULL, NULL),
(87, 'Grenada', NULL, NULL, NULL),
(88, 'Guadeloupe', NULL, NULL, NULL),
(89, 'Guam', NULL, NULL, NULL),
(90, 'Guatemala', NULL, NULL, NULL),
(91, 'Guinea', NULL, NULL, NULL),
(92, 'Guinea-Bissau', NULL, NULL, NULL),
(93, 'Guyana', NULL, NULL, NULL),
(94, 'Haiti', NULL, NULL, NULL),
(95, 'Heard and Mc Donald Islands', NULL, NULL, NULL),
(96, 'Holy See (Vatican City State)', NULL, NULL, NULL),
(97, 'Honduras', NULL, NULL, NULL),
(98, 'Hong Kong', NULL, NULL, NULL),
(99, 'Hungary', NULL, NULL, NULL),
(100, 'Iceland', NULL, NULL, NULL),
(101, 'India', NULL, NULL, NULL),
(102, 'Indonesia', NULL, NULL, NULL),
(103, 'Iran (Islamic Republic of)', NULL, NULL, NULL),
(104, 'Iraq', NULL, NULL, NULL),
(105, 'Ireland', NULL, NULL, NULL),
(106, 'Israel', NULL, NULL, NULL),
(107, 'Italy', NULL, NULL, NULL),
(108, 'Jamaica', NULL, NULL, NULL),
(109, 'Japan', NULL, NULL, NULL),
(110, 'Jordan', NULL, NULL, NULL),
(111, 'Kazakhstan', NULL, NULL, NULL),
(112, 'Kenya', NULL, NULL, NULL),
(113, 'Kiribati', NULL, NULL, NULL),
(114, 'Korea, Democratic People\'s Republic of', NULL, NULL, NULL),
(115, 'Korea, Republic of', NULL, NULL, NULL),
(116, 'Kuwait', NULL, NULL, NULL),
(117, 'Kyrgyzstan', NULL, NULL, NULL),
(118, 'Lao, People\'s Democratic Republic', NULL, NULL, NULL),
(119, 'Latvia', NULL, NULL, NULL),
(120, 'Lebanon', NULL, NULL, NULL),
(121, 'Lesotho', NULL, NULL, NULL),
(122, 'Liberia', NULL, NULL, NULL),
(123, 'Libyan Arab Jamahiriya', NULL, NULL, NULL),
(124, 'Liechtenstein', NULL, NULL, NULL),
(125, 'Lithuania', NULL, NULL, NULL),
(126, 'Luxembourg', NULL, NULL, NULL),
(127, 'Macau', NULL, NULL, NULL),
(128, 'Macedonia, The Former Yugoslav Republic of', NULL, NULL, NULL),
(129, 'Madagascar', NULL, NULL, NULL),
(130, 'Malawi', NULL, NULL, NULL),
(131, 'Malaysia', NULL, NULL, NULL),
(132, 'Maldives', NULL, NULL, NULL),
(133, 'Mali', NULL, NULL, NULL),
(134, 'Malta', NULL, NULL, NULL),
(135, 'Marshall Islands', NULL, NULL, NULL),
(136, 'Martinique', NULL, NULL, NULL),
(137, 'Mauritania', NULL, NULL, NULL),
(138, 'Mauritius', NULL, NULL, NULL),
(139, 'Mayotte', NULL, NULL, NULL),
(140, 'Mexico', NULL, NULL, NULL),
(141, 'Micronesia, Federated States of', NULL, NULL, NULL),
(142, 'Moldova, Republic of', NULL, NULL, NULL),
(143, 'Monaco', NULL, NULL, NULL),
(144, 'Mongolia', NULL, NULL, NULL),
(145, 'Montserrat', NULL, NULL, NULL),
(146, 'Morocco', NULL, NULL, NULL),
(147, 'Mozambique', NULL, NULL, NULL),
(148, 'Myanmar', NULL, NULL, NULL),
(149, 'Namibia', NULL, NULL, NULL),
(150, 'Nauru', NULL, NULL, NULL),
(151, 'Nepal', NULL, NULL, NULL),
(152, 'Netherlands', NULL, NULL, NULL),
(153, 'Netherlands Antilles', NULL, NULL, NULL),
(154, 'New Caledonia', NULL, NULL, NULL),
(155, 'New Zealand', NULL, NULL, NULL),
(156, 'Nicaragua', NULL, NULL, NULL),
(157, 'Niger', NULL, NULL, NULL),
(158, 'Nigeria', NULL, NULL, NULL),
(159, 'Niue', NULL, NULL, NULL),
(160, 'Norfolk Island', NULL, NULL, NULL),
(161, 'Northern Mariana Islands', NULL, NULL, NULL),
(162, 'Norway', NULL, NULL, NULL),
(163, 'Oman', NULL, NULL, NULL),
(164, 'Pakistan', NULL, NULL, NULL),
(165, 'Palau', NULL, NULL, NULL),
(166, 'Panama', NULL, NULL, NULL),
(167, 'Papua New Guinea', NULL, NULL, NULL),
(168, 'Paraguay', NULL, NULL, NULL),
(169, 'Peru', NULL, NULL, NULL),
(170, 'Philippines', NULL, NULL, NULL),
(171, 'Pitcairn', NULL, NULL, NULL),
(172, 'Poland', NULL, NULL, NULL),
(173, 'Portugal', NULL, NULL, NULL),
(174, 'Puerto Rico', NULL, NULL, NULL),
(175, 'Qatar', NULL, NULL, NULL),
(176, 'Reunion', NULL, NULL, NULL),
(177, 'Romania', NULL, NULL, NULL),
(178, 'Russian Federation', NULL, NULL, NULL),
(179, 'Rwanda', NULL, NULL, NULL),
(180, 'Saint Kitts and Nevis', NULL, NULL, NULL),
(181, 'Saint Lucia', NULL, NULL, NULL),
(182, 'Saint Vincent and the Grenadines', NULL, NULL, NULL),
(183, 'Samoa', NULL, NULL, NULL),
(184, 'San Marino', NULL, NULL, NULL),
(185, 'Sao Tome and Principe', NULL, NULL, NULL),
(186, 'Saudi Arabia', NULL, NULL, NULL),
(187, 'Senegal', NULL, NULL, NULL),
(188, 'Seychelles', NULL, NULL, NULL),
(189, 'Sierra Leone', NULL, NULL, NULL),
(190, 'Singapore', NULL, NULL, NULL),
(191, 'Slovakia (Slovak Republic)', NULL, NULL, NULL),
(192, 'Slovenia', NULL, NULL, NULL),
(193, 'Solomon Islands', NULL, NULL, NULL),
(194, 'Somalia', NULL, NULL, NULL),
(195, 'South Africa', NULL, NULL, NULL),
(196, 'South Georgia and the South Sandwich Islands', NULL, NULL, NULL),
(197, 'Spain', NULL, NULL, NULL),
(198, 'Sri Lanka', NULL, NULL, NULL),
(199, 'St. Helena', NULL, NULL, NULL),
(200, 'St. Pierre and Miquelon', NULL, NULL, NULL),
(201, 'Sudan', NULL, NULL, NULL),
(202, 'Suriname', NULL, NULL, NULL),
(203, 'Svalbard and Jan Mayen Islands', NULL, NULL, NULL),
(204, 'Swaziland', NULL, NULL, NULL),
(205, 'Sweden', NULL, NULL, NULL),
(206, 'Switzerland', NULL, NULL, NULL),
(207, 'Syrian Arab Republic', NULL, NULL, NULL),
(208, 'Taiwan, Province of China', NULL, NULL, NULL),
(209, 'Tajikistan', NULL, NULL, NULL),
(210, 'Tanzania, United Republic of', NULL, NULL, NULL),
(211, 'Thailand', NULL, NULL, NULL),
(212, 'Togo', NULL, NULL, NULL),
(213, 'Tokelau', NULL, NULL, NULL),
(214, 'Tonga', NULL, NULL, NULL),
(215, 'Trinidad and Tobago', NULL, NULL, NULL),
(216, 'Tunisia', NULL, NULL, NULL),
(217, 'Turkey', NULL, NULL, NULL),
(218, 'Turkmenistan', NULL, NULL, NULL),
(219, 'Turks and Caicos Islands', NULL, NULL, NULL),
(220, 'Tuvalu', NULL, NULL, NULL),
(221, 'Uganda', NULL, NULL, NULL),
(222, 'Ukraine', NULL, NULL, NULL),
(223, 'United Arab Emirates', NULL, NULL, NULL),
(224, 'United Kingdom', NULL, NULL, NULL),
(225, 'United States', NULL, NULL, NULL),
(226, 'United States Minor Outlying Islands', NULL, NULL, NULL),
(227, 'Uruguay', NULL, NULL, NULL),
(228, 'Uzbekistan', NULL, NULL, NULL),
(229, 'Vanuatu', NULL, NULL, NULL),
(230, 'Venezuela', NULL, NULL, NULL),
(231, 'Vietnam', NULL, NULL, NULL),
(232, 'Virgin Islands (British)', NULL, NULL, NULL),
(233, 'Virgin Islands (U.S.)', NULL, NULL, NULL),
(234, 'Wallis and Futuna Islands', NULL, NULL, NULL),
(235, 'Western Sahara', NULL, NULL, NULL),
(236, 'Yemen', NULL, NULL, NULL),
(237, 'Yugoslavia', NULL, NULL, NULL),
(238, 'Zambia', NULL, NULL, NULL),
(239, 'Zimbabwe', NULL, NULL, NULL);

-- --------------------------------------------------------

--
-- Table structure for table `country_links`
--

CREATE TABLE `country_links` (
  `id` int(10) UNSIGNED NOT NULL,
  `country_id` int(10) UNSIGNED NOT NULL,
  `user_id` int(10) UNSIGNED NOT NULL,
  `job_id` int(10) UNSIGNED NOT NULL,
  `remember_token` varchar(100) COLLATE utf8mb4_unicode_ci DEFAULT NULL,
  `created_at` timestamp NULL DEFAULT NULL,
  `updated_at` timestamp NULL DEFAULT NULL
) ENGINE=InnoDB DEFAULT CHARSET=utf8mb4 COLLATE=utf8mb4_unicode_ci;

--
-- Dumping data for table `country_links`
--

INSERT INTO `country_links` (`id`, `country_id`, `user_id`, `job_id`, `remember_token`, `created_at`, `updated_at`) VALUES
(1, 21, 33, 34, NULL, NULL, NULL),
(2, 12, 13, 41, NULL, NULL, NULL),
(3, 18, 40, 27, NULL, NULL, NULL),
(4, 25, 8, 24, NULL, NULL, NULL),
(6, 15, 23, 22, NULL, NULL, NULL),
(8, 11, 5, 7, NULL, NULL, NULL),
(9, 2, 9, 7, NULL, NULL, NULL),
(10, 6, 5, 1, NULL, NULL, NULL),
(11, 12, 8, 17, NULL, NULL, NULL),
(12, 17, 10, 14, NULL, NULL, NULL),
(13, 17, 13, 18, NULL, NULL, NULL),
(14, 12, 11, 19, NULL, NULL, NULL),
(15, 11, 16, 9, NULL, NULL, NULL),
(16, 4, 12, 15, NULL, NULL, NULL),
(17, 7, 7, 2, NULL, NULL, NULL),
(18, 9, 6, 1, NULL, NULL, NULL),
(19, 9, 12, 9, NULL, NULL, NULL),
(20, 18, 14, 20, NULL, NULL, NULL),
(21, 3, 9, 11, NULL, NULL, NULL),
(22, 7, 3, 12, NULL, NULL, NULL),
(23, 5, 7, 13, NULL, NULL, NULL),
(24, 16, 8, 20, NULL, NULL, NULL),
(25, 4, 3, 5, NULL, NULL, NULL),
(26, 7, 10, 18, NULL, NULL, NULL),
(27, 18, 10, 8, NULL, NULL, NULL),
(28, 2, 5, 12, NULL, NULL, NULL),
(29, 1, 19, 16, NULL, NULL, NULL),
(30, 19, 17, 14, NULL, NULL, NULL),
(31, 5, 14, 5, NULL, NULL, NULL),
(32, 16, 3, 7, NULL, NULL, NULL),
(33, 19, 15, 14, NULL, NULL, NULL),
(34, 8, 8, 15, NULL, NULL, NULL),
(35, 18, 4, 7, NULL, NULL, NULL),
(36, 6, 16, 2, NULL, NULL, NULL),
(37, 3, 10, 16, NULL, NULL, NULL),
(38, 8, 19, 16, NULL, NULL, NULL),
(39, 15, 10, 20, NULL, NULL, NULL),
(40, 1, 8, 17, NULL, NULL, NULL),
(41, 18, 14, 12, NULL, NULL, NULL),
(42, 11, 8, 16, NULL, NULL, NULL),
(43, 5, 6, 13, NULL, NULL, NULL),
(44, 9, 2, 20, NULL, NULL, NULL),
(45, 1, 15, 15, NULL, NULL, NULL),
(46, 16, 10, 11, NULL, NULL, NULL),
(47, 1, 4, 9, NULL, NULL, NULL),
(48, 11, 10, 15, NULL, NULL, NULL),
(49, 16, 16, 19, NULL, NULL, NULL),
(50, 13, 8, 17, NULL, NULL, NULL),
(51, 16, 2, 16, NULL, NULL, NULL),
(52, 10, 9, 2, NULL, NULL, NULL),
(53, 3, 8, 12, NULL, NULL, NULL),
(54, 3, 11, 4, NULL, NULL, NULL),
(55, 1, 13, 14, NULL, NULL, NULL),
(56, 8, 2, 19, NULL, NULL, NULL),
(57, 14, 15, 20, NULL, NULL, NULL),
(58, 17, 14, 4, NULL, NULL, NULL),
(59, 3, 11, 14, NULL, NULL, NULL),
(60, 3, 13, 1, NULL, NULL, NULL),
(61, 6, 13, 7, NULL, NULL, NULL),
(62, 9, 4, 16, NULL, NULL, NULL),
(63, 18, 9, 1, NULL, NULL, NULL),
(64, 12, 10, 7, NULL, NULL, NULL),
(65, 2, 16, 3, NULL, NULL, NULL),
(66, 9, 2, 7, NULL, NULL, NULL),
(67, 3, 6, 3, NULL, NULL, NULL),
(68, 12, 8, 5, NULL, NULL, NULL),
(69, 14, 8, 15, NULL, NULL, NULL),
(70, 4, 20, 12, NULL, NULL, NULL),
(71, 4, 11, 14, NULL, NULL, NULL),
(72, 3, 7, 5, NULL, NULL, NULL),
(73, 18, 15, 19, NULL, NULL, NULL),
(74, 13, 14, 19, NULL, NULL, NULL),
(75, 16, 7, 18, NULL, NULL, NULL),
(76, 16, 11, 3, NULL, NULL, NULL),
(77, 5, 11, 7, NULL, NULL, NULL),
(78, 9, 18, 9, NULL, NULL, NULL),
(79, 17, 2, 14, NULL, NULL, NULL),
(80, 20, 6, 4, NULL, NULL, NULL),
(81, 1, 14, 14, NULL, NULL, NULL),
(82, 8, 7, 9, NULL, NULL, NULL),
(83, 19, 5, 2, NULL, NULL, NULL),
(84, 14, 15, 18, NULL, NULL, NULL),
(85, 10, 4, 6, NULL, NULL, NULL),
(86, 17, 2, 16, NULL, NULL, NULL),
(87, 5, 6, 14, NULL, NULL, NULL),
(88, 14, 7, 8, NULL, NULL, NULL),
(89, 9, 20, 13, NULL, NULL, NULL),
(90, 17, 6, 8, NULL, NULL, NULL),
(91, 19, 11, 10, NULL, NULL, NULL),
(92, 6, 7, 13, NULL, NULL, NULL),
(93, 20, 12, 1, NULL, NULL, NULL),
(94, 12, 8, 12, NULL, NULL, NULL),
(95, 9, 19, 1, NULL, NULL, NULL),
(96, 13, 10, 2, NULL, NULL, NULL),
(97, 4, 3, 6, NULL, NULL, NULL),
(98, 16, 17, 20, NULL, NULL, NULL),
(99, 13, 19, 3, NULL, NULL, NULL),
(100, 1, 10, 7, NULL, NULL, NULL),
(101, 15, 19, 1, NULL, NULL, NULL),
(102, 7, 13, 20, NULL, NULL, NULL),
(103, 13, 1, 11, NULL, NULL, NULL),
(104, 18, 17, 16, NULL, NULL, NULL),
(105, 6, 13, 1, NULL, NULL, NULL),
(106, 13, 14, 1, NULL, NULL, NULL),
(107, 15, 16, 15, NULL, NULL, NULL),
(108, 11, 16, 8, NULL, NULL, NULL),
(109, 20, 3, 3, NULL, NULL, NULL),
(110, 20, 9, 10, NULL, NULL, NULL),
(111, 1, 8, 2, NULL, NULL, NULL),
(112, 11, 11, 4, NULL, NULL, NULL),
(113, 20, 6, 4, NULL, NULL, NULL),
(114, 18, 13, 3, NULL, NULL, NULL),
(115, 11, 13, 10, NULL, NULL, NULL),
(116, 7, 15, 2, NULL, NULL, NULL),
(117, 12, 4, 8, NULL, NULL, NULL),
(118, 20, 15, 9, NULL, NULL, NULL),
(119, 10, 12, 16, NULL, NULL, NULL),
(120, 13, 19, 14, NULL, NULL, NULL),
(121, 2, 6, 6, NULL, NULL, NULL),
(122, 2, 17, 18, NULL, NULL, NULL),
(123, 12, 6, 7, NULL, NULL, NULL),
(124, 11, 7, 2, NULL, NULL, NULL),
(125, 4, 15, 3, NULL, NULL, NULL),
(126, 14, 12, 9, NULL, NULL, NULL),
(127, 2, 17, 12, NULL, NULL, NULL),
(128, 12, 14, 14, NULL, NULL, NULL),
(129, 13, 18, 13, NULL, NULL, NULL),
(130, 4, 6, 18, NULL, NULL, NULL),
(131, 10, 18, 1, NULL, NULL, NULL),
(132, 10, 7, 19, NULL, NULL, NULL),
(133, 17, 4, 17, NULL, NULL, NULL),
(134, 19, 10, 12, NULL, NULL, NULL),
(135, 8, 2, 11, NULL, NULL, NULL),
(136, 8, 2, 13, NULL, NULL, NULL),
(137, 1, 2, 10, NULL, NULL, NULL),
(138, 2, 15, 8, NULL, NULL, NULL),
(139, 13, 9, 2, NULL, NULL, NULL),
(140, 17, 12, 7, NULL, NULL, NULL),
(141, 7, 4, 1, NULL, NULL, NULL),
(142, 11, 10, 5, NULL, NULL, NULL),
(143, 13, 1, 6, NULL, NULL, NULL),
(144, 13, 12, 7, NULL, NULL, NULL),
(145, 7, 7, 9, NULL, NULL, NULL),
(146, 18, 4, 16, NULL, NULL, NULL),
(147, 19, 10, 3, NULL, NULL, NULL),
(148, 19, 7, 19, NULL, NULL, NULL),
(149, 17, 16, 17, NULL, NULL, NULL),
(150, 7, 14, 1, NULL, NULL, NULL),
(151, 8, 6, 4, NULL, NULL, NULL),
(152, 16, 5, 13, NULL, NULL, NULL),
(153, 16, 18, 5, NULL, NULL, NULL),
(154, 6, 1, 18, NULL, NULL, NULL),
(155, 2, 12, 18, NULL, NULL, NULL),
(156, 18, 5, 7, NULL, NULL, NULL),
(157, 17, 16, 8, NULL, NULL, NULL),
(158, 5, 11, 15, NULL, NULL, NULL),
(159, 8, 18, 5, NULL, NULL, NULL),
(160, 19, 9, 16, NULL, NULL, NULL),
(161, 15, 18, 3, NULL, NULL, NULL),
(162, 3, 9, 5, NULL, NULL, NULL),
(163, 5, 6, 18, NULL, NULL, NULL),
(164, 18, 3, 3, NULL, NULL, NULL),
(165, 3, 5, 19, NULL, NULL, NULL),
(166, 9, 8, 3, NULL, NULL, NULL),
(167, 2, 4, 2, NULL, NULL, NULL),
(168, 5, 2, 18, NULL, NULL, NULL),
(169, 4, 14, 3, NULL, NULL, NULL),
(170, 2, 12, 1, NULL, NULL, NULL),
(171, 19, 1, 20, NULL, NULL, NULL),
(172, 12, 14, 3, NULL, NULL, NULL),
(173, 6, 18, 5, NULL, NULL, NULL),
(174, 20, 10, 5, NULL, NULL, NULL),
(175, 7, 13, 7, NULL, NULL, NULL),
(176, 19, 17, 5, NULL, NULL, NULL),
(177, 1, 7, 17, NULL, NULL, NULL),
(178, 5, 2, 12, NULL, NULL, NULL),
(179, 4, 17, 19, NULL, NULL, NULL),
(180, 4, 12, 1, NULL, NULL, NULL),
(181, 17, 7, 20, NULL, NULL, NULL),
(182, 16, 2, 13, NULL, NULL, NULL),
(183, 14, 6, 19, NULL, NULL, NULL),
(184, 9, 18, 12, NULL, NULL, NULL),
(185, 19, 9, 9, NULL, NULL, NULL),
(186, 4, 14, 16, NULL, NULL, NULL),
(187, 18, 1, 6, NULL, NULL, NULL),
(188, 12, 13, 9, NULL, NULL, NULL),
(189, 14, 12, 11, NULL, NULL, NULL),
(190, 13, 1, 17, NULL, NULL, NULL),
(191, 4, 1, 8, NULL, NULL, NULL),
(192, 9, 7, 16, NULL, NULL, NULL),
(193, 8, 9, 1, NULL, NULL, NULL),
(194, 13, 10, 4, NULL, NULL, NULL),
(195, 17, 16, 8, NULL, NULL, NULL),
(196, 17, 10, 6, NULL, NULL, NULL),
(197, 6, 16, 16, NULL, NULL, NULL),
(198, 5, 4, 12, NULL, NULL, NULL),
(199, 9, 1, 14, NULL, NULL, NULL),
(200, 18, 13, 17, NULL, NULL, NULL),
(201, 10, 18, 13, NULL, NULL, NULL),
(202, 5, 20, 1, NULL, NULL, NULL),
(203, 1, 8, 12, NULL, NULL, NULL),
(204, 8, 11, 16, NULL, NULL, NULL),
(205, 8, 20, 6, NULL, NULL, NULL),
(206, 2, 5, 16, NULL, NULL, NULL),
(207, 4, 10, 11, NULL, NULL, NULL),
(208, 1, 41, 105, NULL, '2018-08-06 00:37:48', '2018-08-06 00:37:48'),
(209, 1, 41, 106, NULL, '2018-08-06 00:38:11', '2018-08-06 00:38:11'),
(210, 1, 41, 107, NULL, '2018-08-06 00:38:18', '2018-08-06 00:38:18'),
(211, 1, 41, 108, NULL, '2018-08-06 00:44:05', '2018-08-06 00:44:05'),
(212, 1, 41, 109, NULL, '2018-08-06 00:44:53', '2018-08-06 00:44:53'),
(213, 2, 41, 110, NULL, '2018-08-06 01:16:11', '2018-08-06 01:16:11'),
(214, 2, 41, 111, NULL, '2018-08-06 01:16:29', '2018-08-06 01:16:29'),
(215, 8, 41, 112, NULL, '2018-08-06 01:18:35', '2018-08-06 01:18:35'),
(216, 8, 41, 113, NULL, '2018-08-06 01:19:53', '2018-08-06 01:19:53'),
(217, 2, 41, 114, NULL, '2018-08-07 00:25:04', '2018-08-07 00:25:04'),
(218, 1, 41, 115, NULL, '2018-08-07 00:26:25', '2018-08-07 00:26:25'),
(219, 1, 41, 116, NULL, '2018-08-07 00:26:47', '2018-08-07 00:26:47'),
(220, 1, 41, 117, NULL, '2018-08-07 00:26:51', '2018-08-07 00:26:51'),
(221, 3, 41, 118, NULL, '2018-08-07 00:27:42', '2018-08-07 00:27:42'),
(222, 3, 41, 119, NULL, '2018-08-07 00:30:29', '2018-08-07 00:30:29');

-- --------------------------------------------------------

--
-- Table structure for table `jobs`
--

CREATE TABLE `jobs` (
  `id` int(10) UNSIGNED NOT NULL,
  `name` varchar(191) COLLATE utf8mb4_unicode_ci NOT NULL,
  `title` varchar(191) COLLATE utf8mb4_unicode_ci NOT NULL,
  `description` varchar(255) COLLATE utf8mb4_unicode_ci NOT NULL,
  `address` varchar(191) COLLATE utf8mb4_unicode_ci DEFAULT NULL,
  `experience` varchar(191) COLLATE utf8mb4_unicode_ci DEFAULT NULL,
  `company_name` varchar(191) COLLATE utf8mb4_unicode_ci NOT NULL,
  `about_company` varchar(255) CHARACTER SET utf8 NOT NULL,
  `company_logo` varchar(191) COLLATE utf8mb4_unicode_ci DEFAULT NULL,
  `salary` varchar(191) COLLATE utf8mb4_unicode_ci NOT NULL,
  `education` varchar(191) COLLATE utf8mb4_unicode_ci NOT NULL,
  `country` varchar(255) COLLATE utf8mb4_unicode_ci DEFAULT NULL,
  `job_type` varchar(191) COLLATE utf8mb4_unicode_ci NOT NULL,
  `availability` int(11) NOT NULL DEFAULT '1',
  `approve` int(11) NOT NULL DEFAULT '0',
  `user_id` int(10) UNSIGNED NOT NULL,
  `country_id` int(11) UNSIGNED DEFAULT NULL,
  `remember_token` varchar(100) COLLATE utf8mb4_unicode_ci DEFAULT NULL,
  `created_at` timestamp NULL DEFAULT NULL,
  `updated_at` timestamp NULL DEFAULT NULL
) ENGINE=InnoDB DEFAULT CHARSET=utf8mb4 COLLATE=utf8mb4_unicode_ci;

--
-- Dumping data for table `jobs`
--

INSERT INTO `jobs` (`id`, `name`, `title`, `description`, `address`, `experience`, `company_name`, `about_company`, `company_logo`, `salary`, `education`, `country`, `job_type`, `availability`, `approve`, `user_id`, `country_id`, `remember_token`, `created_at`, `updated_at`) VALUES
(1, 'sSsqm', 'TlB36B5u', 'jQuery, HTML5, and CSS3<br>Understanding of code versioning tools<br>Understanding of Ajax, JSON<br>Max age 35', 'Media Misr - Cairo, Egypt', '5-8', 'google', 'Nile Multimedia is an Egyptian Limited Liability Company and in accordance with the provisions Act 159 of 1981, Ratified by the General Authority for Investment No. 1309 of 2007, Commercial No. 27762 and Tax card No. 266-680-976.', '/images/jobs/Nile-Multimedia-Egypt-4085-sm.png', '144', 'computer science- Auc', NULL, 'full_time', 0, 0, 3, 0, NULL, NULL, NULL),
(2, 'MUoVM', 't5wCYGAl', 'jQuery, HTML5, and CSS3<br>Understanding of code versioning tools<br>Understanding of Ajax, JSON<br>Max age 35', 'Media Misr - Cairo, Egypt', '5-8', 'facebook', 'Nile Multimedia is an Egyptian Limited Liability Company and in accordance with the provisions Act 159 of 1981, Ratified by the General Authority for Investment No. 1309 of 2007, Commercial No. 27762 and Tax card No. 266-680-976.', '/images/jobs/Nile-Multimedia-Egypt-4085-sm.png', '50', 'faculty of law', NULL, 'hours', 0, 0, 18, 0, NULL, NULL, NULL),
(3, 'uqQH7', 'hfy9nZIw', 'jQuery, HTML5, and CSS3<br>Understanding of code versioning tools<br>Understanding of Ajax, JSON<br>Max age 35', 'Media Misr - Cairo, Egypt', '1-8', 'facebook', 'To assign a virtual assistant for our employees to change their lives to better tom, accomplish personal tasks, stabilize their bills and responsibilities, help them raise their kids, motivate them in work', '/images/jobs/Nile-Multimedia-Egypt-4085-sm.png', '136', 'faculty of commrece', NULL, 'full_time', 0, 0, 3, 0, NULL, NULL, NULL),
(4, 'nJmrA', 'zXKqQKVD', '2+ years of \'experience\'<br>Experience of the full software development lifecycle=> from requirements gathering and functional specification', 'Media Misr - Cairo, Egypt', '3-6', 'facebook', 'To assign a virtual assistant for our employees to change their lives to better tom, accomplish personal tasks, stabilize their bills and responsibilities, help them raise their kids, motivate them in work', '/images/jobs/Nile-Multimedia-Egypt-4085-sm.png', '75', 'faculty of law', NULL, 'full_time', 0, 0, 11, 0, NULL, NULL, NULL),
(5, 'QAHgx', 'ItstIIAf', '2+ years of \'experience\'<br>Experience of the full software development lifecycle=> from requirements gathering and functional specification', 'Media Misr - Cairo, Egypt', '2-6', 'facebook', 'work on improving the family relationship, work on the employee\'s whole family health specially naturally, work on the employee property, fill any unknown gap the employee might feel that he has no clue how to manage it.', '/images/jobs/Nile-Multimedia-Egypt-4085-sm.png', '58', 'computer science- Auc', NULL, 'hours', 0, 0, 9, 0, NULL, NULL, NULL),
(6, 'ua00B', 'WLRXn893', '2+ years of \'experience\'<br>Experience of the full software development lifecycle=> from requirements gathering and functional specification', 'Mohandessin, Giza', '5-6', 'google', 'To assign a virtual assistant for our employees to change their lives to better tom, accomplish personal tasks, stabilize their bills and responsibilities, help them raise their kids, motivate them in work', '/images/jobs/Nile-Multimedia-Egypt-4085-sm.png', '73', 'computer science- Auc', NULL, 'hours', 0, 0, 17, 0, NULL, NULL, NULL),
(7, 'nTm1P', 'Dvv8R3FI', '2+ years of \'experience\'<br>Experience of the full software development lifecycle=> from requirements gathering and functional specification', 'Mohandessin, Giza', '2-7', 'facebook', 'To assign a virtual assistant for our employees to change their lives to better tom, accomplish personal tasks, stabilize their bills and responsibilities, help them raise their kids, motivate them in work', '/images/jobs/Nile-Multimedia-Egypt-4085-sm.png', '28', 'faculty of law', NULL, 'hours', 0, 0, 9, 0, NULL, NULL, NULL),
(8, 'QEIFb', 'FCqlTOBF', 'jQuery, HTML5, and CSS3<br>Understanding of code versioning tools<br>Understanding of Ajax, JSON<br>Max age 35', 'Media Misr - Cairo, Egypt', '1-7', 'facebook', 'Nile Multimedia is an Egyptian Limited Liability Company and in accordance with the provisions Act 159 of 1981, Ratified by the General Authority for Investment No. 1309 of 2007, Commercial No. 27762 and Tax card No. 266-680-976.', '/images/jobs/Nile-Multimedia-Egypt-4085-sm.png', '145', 'faculty of law', NULL, 'full_time', 0, 0, 9, 0, NULL, NULL, NULL),
(9, '0BZFg', 'pFF6NLYv', '2+ years of \'experience\'<br>Experience of the full software development lifecycle=> from requirements gathering and functional specification', 'Maadi, Cairo', '5-8', 'google', 'To assign a virtual assistant for our employees to change their lives to better tom, accomplish personal tasks, stabilize their bills and responsibilities, help them raise their kids, motivate them in work', '/images/jobs/Nile-Multimedia-Egypt-4085-sm.png', '47', 'computer science- Auc', NULL, 'hours', 0, 0, 3, 0, NULL, NULL, NULL),
(10, 'X6V9c', 'xEitY2Vg', '2+ years of \'experience\'<br>Experience of the full software development lifecycle=> from requirements gathering and functional specification', 'Glim, Alexandria', '2-9', 'google', 'Nile Multimedia is an Egyptian Limited Liability Company and in accordance with the provisions Act 159 of 1981, Ratified by the General Authority for Investment No. 1309 of 2007, Commercial No. 27762 and Tax card No. 266-680-976.', '/images/jobs/Nile-Multimedia-Egypt-4085-sm.png', '139', 'computer science- Auc', NULL, 'hours', 0, 0, 6, 0, NULL, NULL, NULL),
(11, 'iMh47', 'XcRifc4H', '2+ years of \'experience\'<br>Experience of the full software development lifecycle=> from requirements gathering and functional specification', 'Media Misr - Cairo, Egypt', '1-8', 'facebook', 'Nile Multimedia is an Egyptian Limited Liability Company and in accordance with the provisions Act 159 of 1981, Ratified by the General Authority for Investment No. 1309 of 2007, Commercial No. 27762 and Tax card No. 266-680-976.', '/images/jobs/Nile-Multimedia-Egypt-4085-sm.png', '93', 'faculty of law', NULL, 'full_time', 0, 0, 8, 0, NULL, NULL, NULL),
(12, 'tsOhG', 'QVIiJ2Wo', 'jQuery, HTML5, and CSS3<br>Understanding of code versioning tools<br>Understanding of Ajax, JSON<br>Max age 35', 'Maadi, Cairo', '4-8', 'google', 'work on improving the family relationship, work on the employee\'s whole family health specially naturally, work on the employee property, fill any unknown gap the employee might feel that he has no clue how to manage it.', '/images/jobs/Nile-Multimedia-Egypt-4085-sm.png', '33', 'computer science- Auc', NULL, 'full_time', 0, 0, 13, 0, NULL, NULL, NULL),
(13, 'I29O1', 'AD1qCjMb', '2+ years of \'experience\'<br>Experience of the full software development lifecycle=> from requirements gathering and functional specification', 'Maadi, Cairo', '1-9', 'facebook', 'work on improving the family relationship, work on the employee\'s whole family health specially naturally, work on the employee property, fill any unknown gap the employee might feel that he has no clue how to manage it.', '/images/jobs/Nile-Multimedia-Egypt-4085-sm.png', '114', 'computer science- Auc', NULL, 'hours', 0, 0, 13, 0, NULL, NULL, NULL),
(14, 'a3ZVZ', 'E51YYykQ', '2+ years of \'experience\'<br>Experience of the full software development lifecycle=> from requirements gathering and functional specification', 'Maadi, Cairo', '2-10', 'facebook', 'work on improving the family relationship, work on the employee\'s whole family health specially naturally, work on the employee property, fill any unknown gap the employee might feel that he has no clue how to manage it.', '/images/jobs/Nile-Multimedia-Egypt-4085-sm.png', '122', 'computer science- Auc', NULL, 'hours', 0, 0, 11, 0, NULL, NULL, NULL),
(15, '6OTQA', 'ErDvETW5', '2+ years of \'experience\'<br>Experience of the full software development lifecycle=> from requirements gathering and functional specification', 'Media Misr - Cairo, Egypt', '3-6', 'google', 'Nile Multimedia is an Egyptian Limited Liability Company and in accordance with the provisions Act 159 of 1981, Ratified by the General Authority for Investment No. 1309 of 2007, Commercial No. 27762 and Tax card No. 266-680-976.', '/images/jobs/Nile-Multimedia-Egypt-4085-sm.png', '119', 'faculty of law', NULL, 'full_time', 0, 0, 8, 0, NULL, NULL, NULL),
(16, 'Lrw2R', 'Sm5SKHHX', 'jQuery, HTML5, and CSS3<br>Understanding of code versioning tools<br>Understanding of Ajax, JSON<br>Max age 35', 'Media Misr - Cairo, Egypt', '2-5', 'facebook', 'Nile Multimedia is an Egyptian Limited Liability Company and in accordance with the provisions Act 159 of 1981, Ratified by the General Authority for Investment No. 1309 of 2007, Commercial No. 27762 and Tax card No. 266-680-976.', '/images/jobs/Nile-Multimedia-Egypt-4085-sm.png', '141', 'faculty of law', NULL, 'hours', 0, 0, 7, 0, NULL, NULL, NULL),
(17, '3lXqi', '3oJecuEn', 'jQuery, HTML5, and CSS3<br>Understanding of code versioning tools<br>Understanding of Ajax, JSON<br>Max age 35', 'Media Misr - Cairo, Egypt', '5-6', 'google', 'To assign a virtual assistant for our employees to change their lives to better tom, accomplish personal tasks, stabilize their bills and responsibilities, help them raise their kids, motivate them in work', '/images/jobs/Nile-Multimedia-Egypt-4085-sm.png', '20', 'faculty of commrece', NULL, 'full_time', 0, 0, 7, 0, NULL, NULL, NULL),
(18, '1E6Cy', 'lY6Wv4Kz', 'jQuery, HTML5, and CSS3<br>Understanding of code versioning tools<br>Understanding of Ajax, JSON<br>Max age 35', 'Mohandessin, Giza', '3-7', 'google', 'To assign a virtual assistant for our employees to change their lives to better tom, accomplish personal tasks, stabilize their bills and responsibilities, help them raise their kids, motivate them in work', '/images/jobs/Nile-Multimedia-Egypt-4085-sm.png', '132', 'computer science- Auc', NULL, 'full_time', 0, 0, 2, 0, NULL, NULL, NULL),
(19, 'qMAVV', 'egI7mvW6', '2+ years of \'experience\'<br>Experience of the full software development lifecycle=> from requirements gathering and functional specification', 'Media Misr - Cairo, Egypt', '3-6', 'google', 'work on improving the family relationship, work on the employee\'s whole family health specially naturally, work on the employee property, fill any unknown gap the employee might feel that he has no clue how to manage it.', '/images/jobs/Nile-Multimedia-Egypt-4085-sm.png', '59', 'faculty of law', NULL, 'hours', 0, 0, 5, 0, NULL, NULL, NULL),
(20, 'BfQzv', 'cKF8taoh', '2+ years of \'experience\'<br>Experience of the full software development lifecycle=> from requirements gathering and functional specification', 'Media Misr - Cairo, Egypt', '5-6', 'facebook', 'work on improving the family relationship, work on the employee\'s whole family health specially naturally, work on the employee property, fill any unknown gap the employee might feel that he has no clue how to manage it.', '/images/jobs/Nile-Multimedia-Egypt-4085-sm.png', '81', 'computer science- Auc', NULL, 'hours', 0, 0, 20, 0, NULL, NULL, NULL),
(21, 'xRwMZ', 'ng0SYt9i', 'jQuery, HTML5, and CSS3<br>Understanding of code versioning tools<br>Understanding of Ajax, JSON<br>Max age 35', 'Maadi, Cairo', '4-7', 'facebook', 'work on improving the family relationship, work on the employee\'s whole family health specially naturally, work on the employee property, fill any unknown gap the employee might feel that he has no clue how to manage it.', '/images/jobs/Nile-Multimedia-Egypt-4085-sm.png', '98', 'computer science- Auc', NULL, 'hours', 0, 0, 16, 0, NULL, NULL, NULL),
(22, 'ygi2S', 'CAWAlwC1', '2+ years of \'experience\'<br>Experience of the full software development lifecycle=> from requirements gathering and functional specification', 'Mohandessin, Giza', '2-10', 'facebook', 'Nile Multimedia is an Egyptian Limited Liability Company and in accordance with the provisions Act 159 of 1981, Ratified by the General Authority for Investment No. 1309 of 2007, Commercial No. 27762 and Tax card No. 266-680-976.', '/images/jobs/Nile-Multimedia-Egypt-4085-sm.png', '144', 'faculty of law', NULL, 'hours', 0, 0, 18, 0, NULL, NULL, NULL),
(23, 'oOrtG', 'EC6gfOey', '2+ years of \'experience\'<br>Experience of the full software development lifecycle=> from requirements gathering and functional specification', 'Media Misr - Cairo, Egypt', '3-8', 'facebook', 'Nile Multimedia is an Egyptian Limited Liability Company and in accordance with the provisions Act 159 of 1981, Ratified by the General Authority for Investment No. 1309 of 2007, Commercial No. 27762 and Tax card No. 266-680-976.', '/images/jobs/Nile-Multimedia-Egypt-4085-sm.png', '127', 'computer science- Auc', NULL, 'full_time', 0, 0, 12, 0, NULL, NULL, NULL),
(24, 'R4WUJ', 'iAv37OZI', 'jQuery, HTML5, and CSS3<br>Understanding of code versioning tools<br>Understanding of Ajax, JSON<br>Max age 35', 'Mohandessin, Giza', '3-6', 'google', 'work on improving the family relationship, work on the employee\'s whole family health specially naturally, work on the employee property, fill any unknown gap the employee might feel that he has no clue how to manage it.', '/images/jobs/Nile-Multimedia-Egypt-4085-sm.png', '26', 'faculty of law', NULL, 'full_time', 0, 0, 16, 0, NULL, NULL, NULL),
(25, 'LGkhn', '7KY1KkrX', 'jQuery, HTML5, and CSS3<br>Understanding of code versioning tools<br>Understanding of Ajax, JSON<br>Max age 35', 'Media Misr - Cairo, Egypt', '1-5', 'google', 'work on improving the family relationship, work on the employee\'s whole family health specially naturally, work on the employee property, fill any unknown gap the employee might feel that he has no clue how to manage it.', '/images/jobs/Nile-Multimedia-Egypt-4085-sm.png', '43', 'computer science- Auc', NULL, 'hours', 0, 0, 1, 0, NULL, NULL, NULL),
(26, 'JS1mm', 'nC00Uapf', 'jQuery, HTML5, and CSS3<br>Understanding of code versioning tools<br>Understanding of Ajax, JSON<br>Max age 35', 'Maadi, Cairo', '4-9', 'facebook', 'To assign a virtual assistant for our employees to change their lives to better tom, accomplish personal tasks, stabilize their bills and responsibilities, help them raise their kids, motivate them in work', '/images/jobs/Nile-Multimedia-Egypt-4085-sm.png', '109', 'computer science- Auc', NULL, 'full_time', 0, 0, 15, 0, NULL, NULL, NULL),
(27, 'PX77S', 'qMUC7MoB', 'jQuery, HTML5, and CSS3<br>Understanding of code versioning tools<br>Understanding of Ajax, JSON<br>Max age 35', 'Maadi, Cairo', '5-8', 'google', 'Nile Multimedia is an Egyptian Limited Liability Company and in accordance with the provisions Act 159 of 1981, Ratified by the General Authority for Investment No. 1309 of 2007, Commercial No. 27762 and Tax card No. 266-680-976.', '/images/jobs/Nile-Multimedia-Egypt-4085-sm.png', '77', 'faculty of law', NULL, 'full_time', 0, 0, 15, 0, NULL, NULL, NULL),
(28, 'w1Q0f', 'IO7axKbw', 'jQuery, HTML5, and CSS3<br>Understanding of code versioning tools<br>Understanding of Ajax, JSON<br>Max age 35', 'Glim, Alexandria', '4-10', 'google', 'Nile Multimedia is an Egyptian Limited Liability Company and in accordance with the provisions Act 159 of 1981, Ratified by the General Authority for Investment No. 1309 of 2007, Commercial No. 27762 and Tax card No. 266-680-976.', '/images/jobs/Nile-Multimedia-Egypt-4085-sm.png', '49', 'faculty of commrece', NULL, 'hours', 0, 0, 7, 0, NULL, NULL, NULL),
(29, 'ZijmP', 'cKk5gFFR', 'jQuery, HTML5, and CSS3<br>Understanding of code versioning tools<br>Understanding of Ajax, JSON<br>Max age 35', 'Maadi, Cairo', '3-9', 'google', 'Nile Multimedia is an Egyptian Limited Liability Company and in accordance with the provisions Act 159 of 1981, Ratified by the General Authority for Investment No. 1309 of 2007, Commercial No. 27762 and Tax card No. 266-680-976.', '/images/jobs/Nile-Multimedia-Egypt-4085-sm.png', '34', 'faculty of commrece', NULL, 'hours', 0, 0, 16, 0, NULL, NULL, NULL),
(30, 'BlwGS', '3TMq3owt', 'jQuery, HTML5, and CSS3<br>Understanding of code versioning tools<br>Understanding of Ajax, JSON<br>Max age 35', 'Media Misr - Cairo, Egypt', '4-9', 'facebook', 'work on improving the family relationship, work on the employee\'s whole family health specially naturally, work on the employee property, fill any unknown gap the employee might feel that he has no clue how to manage it.', '/images/jobs/Nile-Multimedia-Egypt-4085-sm.png', '138', 'faculty of law', NULL, 'hours', 0, 0, 20, 0, NULL, NULL, NULL),
(31, 'N3oAv', 'QRzCQxVg', 'jQuery, HTML5, and CSS3<br>Understanding of code versioning tools<br>Understanding of Ajax, JSON<br>Max age 35', 'Maadi, Cairo', '3-10', 'google', 'To assign a virtual assistant for our employees to change their lives to better tom, accomplish personal tasks, stabilize their bills and responsibilities, help them raise their kids, motivate them in work', '/images/jobs/Nile-Multimedia-Egypt-4085-sm.png', '69', 'computer science- Auc', NULL, 'hours', 0, 0, 1, 0, NULL, NULL, NULL),
(32, 'OtQkO', 'y6jcGojf', 'jQuery, HTML5, and CSS3<br>Understanding of code versioning tools<br>Understanding of Ajax, JSON<br>Max age 35', 'Glim, Alexandria', '1-10', 'facebook', 'Nile Multimedia is an Egyptian Limited Liability Company and in accordance with the provisions Act 159 of 1981, Ratified by the General Authority for Investment No. 1309 of 2007, Commercial No. 27762 and Tax card No. 266-680-976.', '/images/jobs/Nile-Multimedia-Egypt-4085-sm.png', '39', 'faculty of law', NULL, 'full_time', 0, 0, 7, 0, NULL, NULL, NULL),
(33, 'IPixQ', 'qlBPAWJU', '2+ years of \'experience\'<br>Experience of the full software development lifecycle=> from requirements gathering and functional specification', 'Mohandessin, Giza', '4-10', 'facebook', 'Nile Multimedia is an Egyptian Limited Liability Company and in accordance with the provisions Act 159 of 1981, Ratified by the General Authority for Investment No. 1309 of 2007, Commercial No. 27762 and Tax card No. 266-680-976.', '/images/jobs/Nile-Multimedia-Egypt-4085-sm.png', '48', 'faculty of commrece', NULL, 'full_time', 0, 0, 18, 0, NULL, NULL, NULL),
(34, 'yn3U9', 'xlCesZbZ', '2+ years of \'experience\'<br>Experience of the full software development lifecycle=> from requirements gathering and functional specification', 'Mohandessin, Giza', '3-7', 'facebook', 'To assign a virtual assistant for our employees to change their lives to better tom, accomplish personal tasks, stabilize their bills and responsibilities, help them raise their kids, motivate them in work', '/images/jobs/Nile-Multimedia-Egypt-4085-sm.png', '86', 'faculty of commrece', NULL, 'hours', 0, 0, 5, 0, NULL, NULL, NULL),
(35, 'miyfu', 'hTyeTcrf', '2+ years of \'experience\'<br>Experience of the full software development lifecycle=> from requirements gathering and functional specification', 'Maadi, Cairo', '3-7', 'facebook', 'Nile Multimedia is an Egyptian Limited Liability Company and in accordance with the provisions Act 159 of 1981, Ratified by the General Authority for Investment No. 1309 of 2007, Commercial No. 27762 and Tax card No. 266-680-976.', '/images/jobs/Nile-Multimedia-Egypt-4085-sm.png', '132', 'faculty of law', NULL, 'hours', 0, 0, 14, 0, NULL, NULL, NULL),
(36, 'QhuTZ', 'jAK2DFCk', '2+ years of \'experience\'<br>Experience of the full software development lifecycle=> from requirements gathering and functional specification', 'Glim, Alexandria', '2-9', 'facebook', 'work on improving the family relationship, work on the employee\'s whole family health specially naturally, work on the employee property, fill any unknown gap the employee might feel that he has no clue how to manage it.', '/images/jobs/Nile-Multimedia-Egypt-4085-sm.png', '129', 'faculty of law', NULL, 'hours', 0, 0, 13, 0, NULL, NULL, NULL),
(37, 'GJfMT', 'hUWucmHH', '2+ years of \'experience\'<br>Experience of the full software development lifecycle=> from requirements gathering and functional specification', 'Mohandessin, Giza', '4-7', 'google', 'work on improving the family relationship, work on the employee\'s whole family health specially naturally, work on the employee property, fill any unknown gap the employee might feel that he has no clue how to manage it.', '/images/jobs/Nile-Multimedia-Egypt-4085-sm.png', '70', 'faculty of law', NULL, 'full_time', 0, 0, 2, 0, NULL, NULL, NULL),
(38, '93LT6', '8waJZ12T', 'jQuery, HTML5, and CSS3<br>Understanding of code versioning tools<br>Understanding of Ajax, JSON<br>Max age 35', 'Glim, Alexandria', '2-10', 'google', 'To assign a virtual assistant for our employees to change their lives to better tom, accomplish personal tasks, stabilize their bills and responsibilities, help them raise their kids, motivate them in work', '/images/jobs/Nile-Multimedia-Egypt-4085-sm.png', '111', 'faculty of commrece', NULL, 'hours', 0, 0, 10, 0, NULL, NULL, NULL),
(39, 'ZCLrK', 'uNVrSMlK', '2+ years of \'experience\'<br>Experience of the full software development lifecycle=> from requirements gathering and functional specification', 'Maadi, Cairo', '3-6', 'google', 'Nile Multimedia is an Egyptian Limited Liability Company and in accordance with the provisions Act 159 of 1981, Ratified by the General Authority for Investment No. 1309 of 2007, Commercial No. 27762 and Tax card No. 266-680-976.', '/images/jobs/Nile-Multimedia-Egypt-4085-sm.png', '23', 'faculty of law', NULL, 'hours', 0, 0, 14, 0, NULL, NULL, NULL),
(40, 'yZiyk', '6BzY2EtV', '2+ years of \'experience\'<br>Experience of the full software development lifecycle=> from requirements gathering and functional specification', 'Maadi, Cairo', '4-5', 'facebook', 'Nile Multimedia is an Egyptian Limited Liability Company and in accordance with the provisions Act 159 of 1981, Ratified by the General Authority for Investment No. 1309 of 2007, Commercial No. 27762 and Tax card No. 266-680-976.', '/images/jobs/Nile-Multimedia-Egypt-4085-sm.png', '105', 'faculty of commrece', NULL, 'full_time', 0, 0, 15, 0, NULL, NULL, NULL),
(41, 'Scjjk', '6lGJcR7w', 'jQuery, HTML5, and CSS3<br>Understanding of code versioning tools<br>Understanding of Ajax, JSON<br>Max age 35', 'Media Misr - Cairo, Egypt', '3-9', 'google', 'To assign a virtual assistant for our employees to change their lives to better tom, accomplish personal tasks, stabilize their bills and responsibilities, help them raise their kids, motivate them in work', '/images/jobs/Nile-Multimedia-Egypt-4085-sm.png', '131', 'faculty of commrece', NULL, 'hours', 0, 0, 18, 0, NULL, NULL, NULL),
(42, '6nwih', 'Of61Jtzn', 'jQuery, HTML5, and CSS3<br>Understanding of code versioning tools<br>Understanding of Ajax, JSON<br>Max age 35', 'Media Misr - Cairo, Egypt', '2-8', 'google', 'Nile Multimedia is an Egyptian Limited Liability Company and in accordance with the provisions Act 159 of 1981, Ratified by the General Authority for Investment No. 1309 of 2007, Commercial No. 27762 and Tax card No. 266-680-976.', '/images/jobs/Nile-Multimedia-Egypt-4085-sm.png', '140', 'faculty of commrece', NULL, 'full_time', 0, 0, 17, 0, NULL, NULL, NULL),
(43, 'HRBA4', 'bdsGfGa8', '2+ years of \'experience\'<br>Experience of the full software development lifecycle=> from requirements gathering and functional specification', 'Mohandessin, Giza', '3-7', 'facebook', 'Nile Multimedia is an Egyptian Limited Liability Company and in accordance with the provisions Act 159 of 1981, Ratified by the General Authority for Investment No. 1309 of 2007, Commercial No. 27762 and Tax card No. 266-680-976.', '/images/jobs/Nile-Multimedia-Egypt-4085-sm.png', '58', 'faculty of law', NULL, 'full_time', 0, 0, 7, 0, NULL, NULL, NULL),
(44, 'kntX2', 'yi64wdch', '2+ years of \'experience\'<br>Experience of the full software development lifecycle=> from requirements gathering and functional specification', 'Glim, Alexandria', '4-8', 'google', 'Nile Multimedia is an Egyptian Limited Liability Company and in accordance with the provisions Act 159 of 1981, Ratified by the General Authority for Investment No. 1309 of 2007, Commercial No. 27762 and Tax card No. 266-680-976.', '/images/jobs/Nile-Multimedia-Egypt-4085-sm.png', '138', 'faculty of commrece', NULL, 'hours', 0, 0, 10, 0, NULL, NULL, NULL),
(45, 'aMlr8', 'HZr1GZ1O', 'jQuery, HTML5, and CSS3<br>Understanding of code versioning tools<br>Understanding of Ajax, JSON<br>Max age 35', 'Media Misr - Cairo, Egypt', '3-9', 'google', 'Nile Multimedia is an Egyptian Limited Liability Company and in accordance with the provisions Act 159 of 1981, Ratified by the General Authority for Investment No. 1309 of 2007, Commercial No. 27762 and Tax card No. 266-680-976.', '/images/jobs/Nile-Multimedia-Egypt-4085-sm.png', '67', 'faculty of commrece', NULL, 'full_time', 0, 0, 5, 0, NULL, NULL, NULL),
(46, 'onQeO', 'RU78GqFS', 'jQuery, HTML5, and CSS3<br>Understanding of code versioning tools<br>Understanding of Ajax, JSON<br>Max age 35', 'Maadi, Cairo', '5-7', 'google', 'Nile Multimedia is an Egyptian Limited Liability Company and in accordance with the provisions Act 159 of 1981, Ratified by the General Authority for Investment No. 1309 of 2007, Commercial No. 27762 and Tax card No. 266-680-976.', '/images/jobs/Nile-Multimedia-Egypt-4085-sm.png', '107', 'computer science- Auc', NULL, 'full_time', 0, 0, 16, 0, NULL, NULL, NULL),
(47, 'gO7g5', 'EW93Lcna', 'jQuery, HTML5, and CSS3<br>Understanding of code versioning tools<br>Understanding of Ajax, JSON<br>Max age 35', 'Mohandessin, Giza', '2-5', 'google', 'work on improving the family relationship, work on the employee\'s whole family health specially naturally, work on the employee property, fill any unknown gap the employee might feel that he has no clue how to manage it.', '/images/jobs/Nile-Multimedia-Egypt-4085-sm.png', '41', 'computer science- Auc', NULL, 'full_time', 0, 0, 2, 0, NULL, NULL, NULL),
(48, 'QeXlu', 'GYsbkvfz', '2+ years of \'experience\'<br>Experience of the full software development lifecycle=> from requirements gathering and functional specification', 'Glim, Alexandria', '1-6', 'google', 'To assign a virtual assistant for our employees to change their lives to better tom, accomplish personal tasks, stabilize their bills and responsibilities, help them raise their kids, motivate them in work', '/images/jobs/Nile-Multimedia-Egypt-4085-sm.png', '146', 'faculty of commrece', NULL, 'hours', 0, 0, 10, 0, NULL, NULL, NULL),
(49, 'rT4uR', 'ip5yJync', '2+ years of \'experience\'<br>Experience of the full software development lifecycle=> from requirements gathering and functional specification', 'Media Misr - Cairo, Egypt', '5-5', 'facebook', 'work on improving the family relationship, work on the employee\'s whole family health specially naturally, work on the employee property, fill any unknown gap the employee might feel that he has no clue how to manage it.', '/images/jobs/Nile-Multimedia-Egypt-4085-sm.png', '115', 'computer science- Auc', NULL, 'full_time', 0, 0, 18, 0, NULL, NULL, NULL),
(50, 'm1uMq', 'lF7FZJEO', '2+ years of \'experience\'<br>Experience of the full software development lifecycle=> from requirements gathering and functional specification', 'Media Misr - Cairo, Egypt', '4-7', 'facebook', 'Nile Multimedia is an Egyptian Limited Liability Company and in accordance with the provisions Act 159 of 1981, Ratified by the General Authority for Investment No. 1309 of 2007, Commercial No. 27762 and Tax card No. 266-680-976.', '/images/jobs/Nile-Multimedia-Egypt-4085-sm.png', '125', 'faculty of commrece', NULL, 'hours', 0, 0, 8, 0, NULL, NULL, NULL),
(51, '0Q6NP', '5sbyhZKS', 'jQuery, HTML5, and CSS3<br>Understanding of code versioning tools<br>Understanding of Ajax, JSON<br>Max age 35', 'Glim, Alexandria', '3-5', 'google', 'Nile Multimedia is an Egyptian Limited Liability Company and in accordance with the provisions Act 159 of 1981, Ratified by the General Authority for Investment No. 1309 of 2007, Commercial No. 27762 and Tax card No. 266-680-976.', '/images/jobs/Nile-Multimedia-Egypt-4085-sm.png', '122', 'computer science- Auc', NULL, 'hours', 0, 0, 3, 0, NULL, NULL, NULL),
(52, 'sfjfw', 'DKqfX7iH', 'jQuery, HTML5, and CSS3<br>Understanding of code versioning tools<br>Understanding of Ajax, JSON<br>Max age 35', 'Media Misr - Cairo, Egypt', '5-6', 'google', 'work on improving the family relationship, work on the employee\'s whole family health specially naturally, work on the employee property, fill any unknown gap the employee might feel that he has no clue how to manage it.', '/images/jobs/Nile-Multimedia-Egypt-4085-sm.png', '119', 'faculty of law', NULL, 'hours', 0, 0, 15, 0, NULL, NULL, NULL),
(53, 'Dzf3I', '2JJw9XZT', '2+ years of \'experience\'<br>Experience of the full software development lifecycle=> from requirements gathering and functional specification', 'Mohandessin, Giza', '5-8', 'facebook', 'work on improving the family relationship, work on the employee\'s whole family health specially naturally, work on the employee property, fill any unknown gap the employee might feel that he has no clue how to manage it.', '/images/jobs/Nile-Multimedia-Egypt-4085-sm.png', '61', 'faculty of law', NULL, 'full_time', 0, 0, 1, 0, NULL, NULL, NULL),
(54, 'hQ2v3', 'rDORYcAL', 'jQuery, HTML5, and CSS3<br>Understanding of code versioning tools<br>Understanding of Ajax, JSON<br>Max age 35', 'Media Misr - Cairo, Egypt', '1-8', 'facebook', 'Nile Multimedia is an Egyptian Limited Liability Company and in accordance with the provisions Act 159 of 1981, Ratified by the General Authority for Investment No. 1309 of 2007, Commercial No. 27762 and Tax card No. 266-680-976.', '/images/jobs/Nile-Multimedia-Egypt-4085-sm.png', '34', 'faculty of commrece', NULL, 'full_time', 0, 0, 17, 0, NULL, NULL, NULL),
(55, 'aY36E', 'q5DYoJFB', '2+ years of \'experience\'<br>Experience of the full software development lifecycle=> from requirements gathering and functional specification', 'Glim, Alexandria', '3-10', 'google', 'work on improving the family relationship, work on the employee\'s whole family health specially naturally, work on the employee property, fill any unknown gap the employee might feel that he has no clue how to manage it.', '/images/jobs/Nile-Multimedia-Egypt-4085-sm.png', '26', 'faculty of law', NULL, 'hours', 0, 0, 2, 0, NULL, NULL, NULL),
(56, 'mrb3W', 'MJsfOWy6', '2+ years of \'experience\'<br>Experience of the full software development lifecycle=> from requirements gathering and functional specification', 'Mohandessin, Giza', '1-8', 'google', 'To assign a virtual assistant for our employees to change their lives to better tom, accomplish personal tasks, stabilize their bills and responsibilities, help them raise their kids, motivate them in work', '/images/jobs/Nile-Multimedia-Egypt-4085-sm.png', '126', 'computer science- Auc', NULL, 'full_time', 0, 0, 19, 0, NULL, NULL, NULL),
(57, 'hbR5p', 'ykl69ZSj', '2+ years of \'experience\'<br>Experience of the full software development lifecycle=> from requirements gathering and functional specification', 'Media Misr - Cairo, Egypt', '3-6', 'google', 'Nile Multimedia is an Egyptian Limited Liability Company and in accordance with the provisions Act 159 of 1981, Ratified by the General Authority for Investment No. 1309 of 2007, Commercial No. 27762 and Tax card No. 266-680-976.', '/images/jobs/Nile-Multimedia-Egypt-4085-sm.png', '54', 'faculty of law', NULL, 'hours', 0, 0, 9, 0, NULL, NULL, NULL),
(58, 'pb8wf', 'YWj1aiRH', '2+ years of \'experience\'<br>Experience of the full software development lifecycle=> from requirements gathering and functional specification', 'Media Misr - Cairo, Egypt', '1-5', 'facebook', 'work on improving the family relationship, work on the employee\'s whole family health specially naturally, work on the employee property, fill any unknown gap the employee might feel that he has no clue how to manage it.', '/images/jobs/Nile-Multimedia-Egypt-4085-sm.png', '29', 'faculty of law', NULL, 'full_time', 0, 0, 17, 0, NULL, NULL, NULL),
(59, 'EuPjh', 'wH3r1KCx', '2+ years of \'experience\'<br>Experience of the full software development lifecycle=> from requirements gathering and functional specification', 'Media Misr - Cairo, Egypt', '4-6', 'facebook', 'To assign a virtual assistant for our employees to change their lives to better tom, accomplish personal tasks, stabilize their bills and responsibilities, help them raise their kids, motivate them in work', '/images/jobs/Nile-Multimedia-Egypt-4085-sm.png', '32', 'faculty of commrece', NULL, 'hours', 0, 0, 19, 0, NULL, NULL, NULL),
(60, 'hyvP0', 'Rb61OAK9', 'jQuery, HTML5, and CSS3<br>Understanding of code versioning tools<br>Understanding of Ajax, JSON<br>Max age 35', 'Mohandessin, Giza', '2-10', 'google', 'work on improving the family relationship, work on the employee\'s whole family health specially naturally, work on the employee property, fill any unknown gap the employee might feel that he has no clue how to manage it.', '/images/jobs/Nile-Multimedia-Egypt-4085-sm.png', '50', 'faculty of law', NULL, 'full_time', 0, 0, 4, 0, NULL, NULL, NULL),
(61, 'qbmYV', 'yl0Clj0n', '2+ years of \'experience\'<br>Experience of the full software development lifecycle=> from requirements gathering and functional specification', 'Maadi, Cairo', '1-7', 'google', 'To assign a virtual assistant for our employees to change their lives to better tom, accomplish personal tasks, stabilize their bills and responsibilities, help them raise their kids, motivate them in work', '/images/jobs/Nile-Multimedia-Egypt-4085-sm.png', '66', 'computer science- Auc', NULL, 'full_time', 0, 0, 14, 0, NULL, NULL, NULL),
(62, 'TL1su', 'DrRJFpIE', '2+ years of \'experience\'<br>Experience of the full software development lifecycle=> from requirements gathering and functional specification', 'Mohandessin, Giza', '4-5', 'facebook', 'Nile Multimedia is an Egyptian Limited Liability Company and in accordance with the provisions Act 159 of 1981, Ratified by the General Authority for Investment No. 1309 of 2007, Commercial No. 27762 and Tax card No. 266-680-976.', '/images/jobs/Nile-Multimedia-Egypt-4085-sm.png', '120', 'computer science- Auc', NULL, 'hours', 0, 0, 8, 0, NULL, NULL, NULL),
(63, 'D48TQ', 'WDqxLdOj', 'jQuery, HTML5, and CSS3<br>Understanding of code versioning tools<br>Understanding of Ajax, JSON<br>Max age 35', 'Maadi, Cairo', '4-5', 'facebook', 'work on improving the family relationship, work on the employee\'s whole family health specially naturally, work on the employee property, fill any unknown gap the employee might feel that he has no clue how to manage it.', '/images/jobs/Nile-Multimedia-Egypt-4085-sm.png', '147', 'faculty of commrece', NULL, 'full_time', 0, 0, 6, 0, NULL, NULL, NULL),
(64, 'e5fUi', 'KJSAlmcM', '2+ years of \'experience\'<br>Experience of the full software development lifecycle=> from requirements gathering and functional specification', 'Mohandessin, Giza', '2-7', 'facebook', 'To assign a virtual assistant for our employees to change their lives to better tom, accomplish personal tasks, stabilize their bills and responsibilities, help them raise their kids, motivate them in work', '/images/jobs/Nile-Multimedia-Egypt-4085-sm.png', '38', 'faculty of law', NULL, 'hours', 0, 0, 7, 0, NULL, NULL, NULL),
(65, 'WTCQg', 'CinA7u7I', 'jQuery, HTML5, and CSS3<br>Understanding of code versioning tools<br>Understanding of Ajax, JSON<br>Max age 35', 'Maadi, Cairo', '3-6', 'google', 'To assign a virtual assistant for our employees to change their lives to better tom, accomplish personal tasks, stabilize their bills and responsibilities, help them raise their kids, motivate them in work', '/images/jobs/Nile-Multimedia-Egypt-4085-sm.png', '129', 'faculty of law', NULL, 'full_time', 0, 0, 19, 0, NULL, NULL, NULL),
(66, 'sSWXZ', 'lQkKYpPD', 'jQuery, HTML5, and CSS3<br>Understanding of code versioning tools<br>Understanding of Ajax, JSON<br>Max age 35', 'Media Misr - Cairo, Egypt', '3-5', 'facebook', 'work on improving the family relationship, work on the employee\'s whole family health specially naturally, work on the employee property, fill any unknown gap the employee might feel that he has no clue how to manage it.', '/images/jobs/Nile-Multimedia-Egypt-4085-sm.png', '142', 'faculty of commrece', NULL, 'hours', 0, 0, 7, 0, NULL, NULL, NULL),
(67, 'ArDE4', '74gTjSse', 'jQuery, HTML5, and CSS3<br>Understanding of code versioning tools<br>Understanding of Ajax, JSON<br>Max age 35', 'Glim, Alexandria', '2-8', 'google', 'Nile Multimedia is an Egyptian Limited Liability Company and in accordance with the provisions Act 159 of 1981, Ratified by the General Authority for Investment No. 1309 of 2007, Commercial No. 27762 and Tax card No. 266-680-976.', '/images/jobs/Nile-Multimedia-Egypt-4085-sm.png', '133', 'faculty of commrece', NULL, 'full_time', 0, 0, 9, 0, NULL, NULL, NULL),
(68, 'tw8XQ', 'DkOG1mf1', 'jQuery, HTML5, and CSS3<br>Understanding of code versioning tools<br>Understanding of Ajax, JSON<br>Max age 35', 'Glim, Alexandria', '4-8', 'facebook', 'To assign a virtual assistant for our employees to change their lives to better tom, accomplish personal tasks, stabilize their bills and responsibilities, help them raise their kids, motivate them in work', '/images/jobs/Nile-Multimedia-Egypt-4085-sm.png', '73', 'faculty of commrece', NULL, 'hours', 0, 0, 16, 0, NULL, NULL, NULL),
(69, '3mZVq', 'NhpHle3i', 'jQuery, HTML5, and CSS3<br>Understanding of code versioning tools<br>Understanding of Ajax, JSON<br>Max age 35', 'Media Misr - Cairo, Egypt', '1-8', 'facebook', 'Nile Multimedia is an Egyptian Limited Liability Company and in accordance with the provisions Act 159 of 1981, Ratified by the General Authority for Investment No. 1309 of 2007, Commercial No. 27762 and Tax card No. 266-680-976.', '/images/jobs/Nile-Multimedia-Egypt-4085-sm.png', '138', 'faculty of commrece', NULL, 'hours', 0, 0, 8, 0, NULL, NULL, NULL),
(70, 'NAZCi', 'k4zvEerL', '2+ years of \'experience\'<br>Experience of the full software development lifecycle=> from requirements gathering and functional specification', 'Glim, Alexandria', '4-6', 'google', 'work on improving the family relationship, work on the employee\'s whole family health specially naturally, work on the employee property, fill any unknown gap the employee might feel that he has no clue how to manage it.', '/images/jobs/Nile-Multimedia-Egypt-4085-sm.png', '132', 'faculty of law', NULL, 'full_time', 0, 0, 1, 0, NULL, NULL, NULL),
(71, '5gbh6', 'T19RD64j', 'jQuery, HTML5, and CSS3<br>Understanding of code versioning tools<br>Understanding of Ajax, JSON<br>Max age 35', 'Glim, Alexandria', '2-9', 'google', 'To assign a virtual assistant for our employees to change their lives to better tom, accomplish personal tasks, stabilize their bills and responsibilities, help them raise their kids, motivate them in work', '/images/jobs/Nile-Multimedia-Egypt-4085-sm.png', '145', 'computer science- Auc', NULL, 'full_time', 0, 0, 14, 0, NULL, NULL, NULL),
(72, '6irpz', 'xVOdqerx', '2+ years of \'experience\'<br>Experience of the full software development lifecycle=> from requirements gathering and functional specification', 'Mohandessin, Giza', '1-5', 'facebook', 'Nile Multimedia is an Egyptian Limited Liability Company and in accordance with the provisions Act 159 of 1981, Ratified by the General Authority for Investment No. 1309 of 2007, Commercial No. 27762 and Tax card No. 266-680-976.', '/images/jobs/Nile-Multimedia-Egypt-4085-sm.png', '104', 'computer science- Auc', NULL, 'hours', 0, 0, 17, 0, NULL, NULL, NULL),
(73, 'aMspb', 'YLYAfwNU', '2+ years of \'experience\'<br>Experience of the full software development lifecycle=> from requirements gathering and functional specification', 'Glim, Alexandria', '5-9', 'google', 'Nile Multimedia is an Egyptian Limited Liability Company and in accordance with the provisions Act 159 of 1981, Ratified by the General Authority for Investment No. 1309 of 2007, Commercial No. 27762 and Tax card No. 266-680-976.', '/images/jobs/Nile-Multimedia-Egypt-4085-sm.png', '57', 'computer science- Auc', NULL, 'full_time', 0, 0, 2, 0, NULL, NULL, NULL),
(74, 'Qzymv', 'SEIgAqe3', '2+ years of \'experience\'<br>Experience of the full software development lifecycle=> from requirements gathering and functional specification', 'Maadi, Cairo', '2-9', 'facebook', 'work on improving the family relationship, work on the employee\'s whole family health specially naturally, work on the employee property, fill any unknown gap the employee might feel that he has no clue how to manage it.', '/images/jobs/Nile-Multimedia-Egypt-4085-sm.png', '100', 'faculty of law', NULL, 'hours', 0, 0, 11, 0, NULL, NULL, NULL),
(75, '6aCqF', 'g9sEY070', 'jQuery, HTML5, and CSS3<br>Understanding of code versioning tools<br>Understanding of Ajax, JSON<br>Max age 35', 'Media Misr - Cairo, Egypt', '5-8', 'facebook', 'To assign a virtual assistant for our employees to change their lives to better tom, accomplish personal tasks, stabilize their bills and responsibilities, help them raise their kids, motivate them in work', '/images/jobs/Nile-Multimedia-Egypt-4085-sm.png', '92', 'faculty of law', NULL, 'full_time', 0, 0, 2, 0, NULL, NULL, NULL),
(76, 'TaPEh', 'secCmUTX', 'jQuery, HTML5, and CSS3<br>Understanding of code versioning tools<br>Understanding of Ajax, JSON<br>Max age 35', 'Glim, Alexandria', '2-6', 'google', 'work on improving the family relationship, work on the employee\'s whole family health specially naturally, work on the employee property, fill any unknown gap the employee might feel that he has no clue how to manage it.', '/images/jobs/Nile-Multimedia-Egypt-4085-sm.png', '26', 'faculty of law', NULL, 'full_time', 0, 0, 12, 0, NULL, NULL, NULL),
(77, '0hg7h', 'zoQ60Etq', 'jQuery, HTML5, and CSS3<br>Understanding of code versioning tools<br>Understanding of Ajax, JSON<br>Max age 35', 'Glim, Alexandria', '1-10', 'facebook', 'work on improving the family relationship, work on the employee\'s whole family health specially naturally, work on the employee property, fill any unknown gap the employee might feel that he has no clue how to manage it.', '/images/jobs/Nile-Multimedia-Egypt-4085-sm.png', '144', 'faculty of commrece', NULL, 'hours', 0, 0, 17, 0, NULL, NULL, NULL),
(78, '45zDL', 'iRpXZDiI', '2+ years of \'experience\'<br>Experience of the full software development lifecycle=> from requirements gathering and functional specification', 'Maadi, Cairo', '5-10', 'google', 'Nile Multimedia is an Egyptian Limited Liability Company and in accordance with the provisions Act 159 of 1981, Ratified by the General Authority for Investment No. 1309 of 2007, Commercial No. 27762 and Tax card No. 266-680-976.', '/images/jobs/Nile-Multimedia-Egypt-4085-sm.png', '139', 'faculty of law', NULL, 'full_time', 0, 0, 15, 0, NULL, NULL, NULL),
(79, 'LlqoG', 'HVNqD7ne', 'jQuery, HTML5, and CSS3<br>Understanding of code versioning tools<br>Understanding of Ajax, JSON<br>Max age 35', 'Glim, Alexandria', '1-9', 'facebook', 'work on improving the family relationship, work on the employee\'s whole family health specially naturally, work on the employee property, fill any unknown gap the employee might feel that he has no clue how to manage it.', '/images/jobs/Nile-Multimedia-Egypt-4085-sm.png', '65', 'computer science- Auc', NULL, 'full_time', 0, 0, 19, 0, NULL, NULL, NULL),
(80, 'MCPMD', 'g6r8hRvj', 'jQuery, HTML5, and CSS3<br>Understanding of code versioning tools<br>Understanding of Ajax, JSON<br>Max age 35', 'Media Misr - Cairo, Egypt', '1-5', 'facebook', 'work on improving the family relationship, work on the employee\'s whole family health specially naturally, work on the employee property, fill any unknown gap the employee might feel that he has no clue how to manage it.', '/images/jobs/Nile-Multimedia-Egypt-4085-sm.png', '150', 'computer science- Auc', NULL, 'hours', 0, 0, 16, 0, NULL, NULL, NULL),
(81, 'z100B', 'ewdYSnkS', '2+ years of \'experience\'<br>Experience of the full software development lifecycle=> from requirements gathering and functional specification', 'Maadi, Cairo', '2-6', 'google', 'Nile Multimedia is an Egyptian Limited Liability Company and in accordance with the provisions Act 159 of 1981, Ratified by the General Authority for Investment No. 1309 of 2007, Commercial No. 27762 and Tax card No. 266-680-976.', '/images/jobs/Nile-Multimedia-Egypt-4085-sm.png', '47', 'computer science- Auc', NULL, 'full_time', 0, 0, 5, 0, NULL, NULL, NULL),
(82, 'EMwHo', 'c34pwOFo', '2+ years of \'experience\'<br>Experience of the full software development lifecycle=> from requirements gathering and functional specification', 'Maadi, Cairo', '3-9', 'facebook', 'work on improving the family relationship, work on the employee\'s whole family health specially naturally, work on the employee property, fill any unknown gap the employee might feel that he has no clue how to manage it.', '/images/jobs/Nile-Multimedia-Egypt-4085-sm.png', '135', 'faculty of law', NULL, 'full_time', 0, 0, 9, 0, NULL, NULL, NULL),
(83, 'bfzpD', 'XlVakGl3', 'jQuery, HTML5, and CSS3<br>Understanding of code versioning tools<br>Understanding of Ajax, JSON<br>Max age 35', 'Glim, Alexandria', '4-9', 'facebook', 'Nile Multimedia is an Egyptian Limited Liability Company and in accordance with the provisions Act 159 of 1981, Ratified by the General Authority for Investment No. 1309 of 2007, Commercial No. 27762 and Tax card No. 266-680-976.', '/images/jobs/Nile-Multimedia-Egypt-4085-sm.png', '110', 'faculty of commrece', NULL, 'hours', 0, 0, 20, 0, NULL, NULL, NULL),
(84, 'triAd', 'S5BuDJlo', 'jQuery, HTML5, and CSS3<br>Understanding of code versioning tools<br>Understanding of Ajax, JSON<br>Max age 35', 'Mohandessin, Giza', '5-6', 'google', 'Nile Multimedia is an Egyptian Limited Liability Company and in accordance with the provisions Act 159 of 1981, Ratified by the General Authority for Investment No. 1309 of 2007, Commercial No. 27762 and Tax card No. 266-680-976.', '/images/jobs/Nile-Multimedia-Egypt-4085-sm.png', '137', 'computer science- Auc', NULL, 'hours', 0, 0, 11, 0, NULL, NULL, NULL),
(85, 'yYT41', 'yDd1x83C', 'jQuery, HTML5, and CSS3<br>Understanding of code versioning tools<br>Understanding of Ajax, JSON<br>Max age 35', 'Media Misr - Cairo, Egypt', '3-7', 'facebook', 'To assign a virtual assistant for our employees to change their lives to better tom, accomplish personal tasks, stabilize their bills and responsibilities, help them raise their kids, motivate them in work', '/images/jobs/Nile-Multimedia-Egypt-4085-sm.png', '148', 'computer science- Auc', NULL, 'hours', 0, 0, 20, 0, NULL, NULL, NULL),
(86, 'oSV7M', '4z84peXJ', 'jQuery, HTML5, and CSS3<br>Understanding of code versioning tools<br>Understanding of Ajax, JSON<br>Max age 35', 'Glim, Alexandria', '5-10', 'google', 'To assign a virtual assistant for our employees to change their lives to better tom, accomplish personal tasks, stabilize their bills and responsibilities, help them raise their kids, motivate them in work', '/images/jobs/Nile-Multimedia-Egypt-4085-sm.png', '91', 'faculty of law', NULL, 'full_time', 0, 0, 7, 0, NULL, NULL, NULL),
(87, 'SMbxB', 'GaUCBZTu', '2+ years of \'experience\'<br>Experience of the full software development lifecycle=> from requirements gathering and functional specification', 'Media Misr - Cairo, Egypt', '2-10', 'google', 'To assign a virtual assistant for our employees to change their lives to better tom, accomplish personal tasks, stabilize their bills and responsibilities, help them raise their kids, motivate them in work', '/images/jobs/Nile-Multimedia-Egypt-4085-sm.png', '144', 'faculty of commrece', NULL, 'full_time', 0, 0, 20, 0, NULL, NULL, NULL),
(88, 'Mr4xF', '1ytbs4I7', '2+ years of \'experience\'<br>Experience of the full software development lifecycle=> from requirements gathering and functional specification', 'Media Misr - Cairo, Egypt', '2-5', 'facebook', 'Nile Multimedia is an Egyptian Limited Liability Company and in accordance with the provisions Act 159 of 1981, Ratified by the General Authority for Investment No. 1309 of 2007, Commercial No. 27762 and Tax card No. 266-680-976.', '/images/jobs/Nile-Multimedia-Egypt-4085-sm.png', '87', 'faculty of commrece', NULL, 'full_time', 0, 0, 17, 0, NULL, NULL, NULL),
(89, 'DyPa7', '2gdLIPdw', '2+ years of \'experience\'<br>Experience of the full software development lifecycle=> from requirements gathering and functional specification', 'Glim, Alexandria', '1-8', 'google', 'Nile Multimedia is an Egyptian Limited Liability Company and in accordance with the provisions Act 159 of 1981, Ratified by the General Authority for Investment No. 1309 of 2007, Commercial No. 27762 and Tax card No. 266-680-976.', '/images/jobs/Nile-Multimedia-Egypt-4085-sm.png', '137', 'faculty of commrece', NULL, 'hours', 0, 0, 5, 0, NULL, NULL, NULL),
(90, 'EYYCc', 'Sf4Zwohz', '2+ years of \'experience\'<br>Experience of the full software development lifecycle=> from requirements gathering and functional specification', 'Media Misr - Cairo, Egypt', '4-8', 'facebook', 'To assign a virtual assistant for our employees to change their lives to better tom, accomplish personal tasks, stabilize their bills and responsibilities, help them raise their kids, motivate them in work', '/images/jobs/Nile-Multimedia-Egypt-4085-sm.png', '45', 'faculty of law', NULL, 'full_time', 0, 0, 16, 0, NULL, NULL, NULL),
(91, '3mU3z', 'icH1iYmU', '2+ years of \'experience\'<br>Experience of the full software development lifecycle=> from requirements gathering and functional specification', 'Maadi, Cairo', '2-5', 'facebook', 'work on improving the family relationship, work on the employee\'s whole family health specially naturally, work on the employee property, fill any unknown gap the employee might feel that he has no clue how to manage it.', '/images/jobs/Nile-Multimedia-Egypt-4085-sm.png', '144', 'faculty of law', NULL, 'hours', 0, 0, 18, 0, NULL, NULL, NULL);
INSERT INTO `jobs` (`id`, `name`, `title`, `description`, `address`, `experience`, `company_name`, `about_company`, `company_logo`, `salary`, `education`, `country`, `job_type`, `availability`, `approve`, `user_id`, `country_id`, `remember_token`, `created_at`, `updated_at`) VALUES
(92, 'FG8ni', 'YUKLEENs', 'jQuery, HTML5, and CSS3<br>Understanding of code versioning tools<br>Understanding of Ajax, JSON<br>Max age 35', 'Media Misr - Cairo, Egypt', '1-8', 'facebook', 'Nile Multimedia is an Egyptian Limited Liability Company and in accordance with the provisions Act 159 of 1981, Ratified by the General Authority for Investment No. 1309 of 2007, Commercial No. 27762 and Tax card No. 266-680-976.', '/images/jobs/Nile-Multimedia-Egypt-4085-sm.png', '31', 'faculty of commrece', NULL, 'full_time', 0, 0, 3, 0, NULL, NULL, NULL),
(93, 'MnLMQ', 'LUa6U8Wb', 'jQuery, HTML5, and CSS3<br>Understanding of code versioning tools<br>Understanding of Ajax, JSON<br>Max age 35', 'Mohandessin, Giza', '3-7', 'google', 'To assign a virtual assistant for our employees to change their lives to better tom, accomplish personal tasks, stabilize their bills and responsibilities, help them raise their kids, motivate them in work', '/images/jobs/Nile-Multimedia-Egypt-4085-sm.png', '23', 'faculty of commrece', NULL, 'hours', 0, 0, 14, 0, NULL, NULL, NULL),
(94, 'aWSGf', 'AjEzG2Ta', '2+ years of \'experience\'<br>Experience of the full software development lifecycle=> from requirements gathering and functional specification', 'Media Misr - Cairo, Egypt', '5-8', 'google', 'Nile Multimedia is an Egyptian Limited Liability Company and in accordance with the provisions Act 159 of 1981, Ratified by the General Authority for Investment No. 1309 of 2007, Commercial No. 27762 and Tax card No. 266-680-976.', '/images/jobs/Nile-Multimedia-Egypt-4085-sm.png', '91', 'faculty of commrece', NULL, 'full_time', 0, 0, 16, 0, NULL, NULL, NULL),
(95, 'ZUyZg', 'rHg5vCDK', '2+ years of \'experience\'<br>Experience of the full software development lifecycle=> from requirements gathering and functional specification', 'Mohandessin, Giza', '1-6', 'facebook', 'To assign a virtual assistant for our employees to change their lives to better tom, accomplish personal tasks, stabilize their bills and responsibilities, help them raise their kids, motivate them in work', '/images/jobs/Nile-Multimedia-Egypt-4085-sm.png', '144', 'computer science- Auc', NULL, 'full_time', 0, 0, 3, 0, NULL, NULL, NULL),
(96, 'JPR5Q', 'ro9qTKRe', '2+ years of \'experience\'<br>Experience of the full software development lifecycle=> from requirements gathering and functional specification', 'Maadi, Cairo', '2-10', 'google', 'To assign a virtual assistant for our employees to change their lives to better tom, accomplish personal tasks, stabilize their bills and responsibilities, help them raise their kids, motivate them in work', '/images/jobs/Nile-Multimedia-Egypt-4085-sm.png', '39', 'faculty of law', NULL, 'full_time', 0, 0, 13, 0, NULL, NULL, NULL),
(97, 'nW5Gt', 'O18280TA', '2+ years of \'experience\'<br>Experience of the full software development lifecycle=> from requirements gathering and functional specification', 'Glim, Alexandria', '1-8', 'google', 'To assign a virtual assistant for our employees to change their lives to better tom, accomplish personal tasks, stabilize their bills and responsibilities, help them raise their kids, motivate them in work', '/images/jobs/Nile-Multimedia-Egypt-4085-sm.png', '68', 'faculty of law', NULL, 'hours', 0, 0, 13, 0, NULL, NULL, NULL),
(98, 'opsR0', 'MLYdcTvm', 'jQuery, HTML5, and CSS3<br>Understanding of code versioning tools<br>Understanding of Ajax, JSON<br>Max age 35', 'Mohandessin, Giza', '2-8', 'facebook', 'Nile Multimedia is an Egyptian Limited Liability Company and in accordance with the provisions Act 159 of 1981, Ratified by the General Authority for Investment No. 1309 of 2007, Commercial No. 27762 and Tax card No. 266-680-976.', '/images/jobs/Nile-Multimedia-Egypt-4085-sm.png', '147', 'faculty of law', NULL, 'hours', 0, 0, 18, 0, NULL, NULL, NULL),
(99, 'qflWI', 'fC7MIxSn', '2+ years of \'experience\'<br>Experience of the full software development lifecycle=> from requirements gathering and functional specification', 'Media Misr - Cairo, Egypt', '4-8', 'facebook', 'work on improving the family relationship, work on the employee\'s whole family health specially naturally, work on the employee property, fill any unknown gap the employee might feel that he has no clue how to manage it.', '/images/jobs/Nile-Multimedia-Egypt-4085-sm.png', '69', 'faculty of law', NULL, 'full_time', 0, 0, 18, 0, NULL, NULL, NULL),
(100, 'prhoF', 'SquB4n2k', '2+ years of \'experience\'<br>Experience of the full software development lifecycle=> from requirements gathering and functional specification', 'Mohandessin, Giza', '1-9', 'google', 'To assign a virtual assistant for our employees to change their lives to better tom, accomplish personal tasks, stabilize their bills and responsibilities, help them raise their kids, motivate them in work', '/images/jobs/Nile-Multimedia-Egypt-4085-sm.png', '98', 'computer science- Auc', NULL, 'full_time', 0, 0, 12, 0, NULL, NULL, NULL),
(101, 'Web Developer', 'Developer', 'To assign a virtual assistant for our employees to...', 'To assign a virtual assistant for our employees to...', '0-1', 'facebook', 'about_companyabout_company', 'storage/images/636fc9AkZcdVeyhqhunT1n5gVO4LBqFqFr1WUwOp.jpeg', '100$', 'computer science- Auc', NULL, 'full_time', 1, 0, 41, 0, NULL, '2018-08-06 00:30:33', '2018-08-09 15:43:20'),
(102, 'Web Developer', 'Developer', 'To assign a virtual assistant for our employees to...', 'To assign a virtual assistant for our employees to...', '0-1', 'facebook', 'about_companyabout_company', 'storage/images/IHwaeUMN7BrI1VXoXEK3FM3jdBGmfFTak50Ehdaa.jpeg', '100$', 'computer science- Auc', NULL, 'full_time', 1, 0, 41, 0, NULL, '2018-08-06 00:32:10', '2018-08-06 00:32:10'),
(103, 'Create new Job', 'Create new Job', 'Create new JobCreate new JobCreate new Job', 'To assign a virtual assistant for our employees to...', '1-2', 'facebook', 'about_companyabout_company', 'storage/images/Mu2A57Nvp7F7K6WKvINgXg4tILrzCwDeAx94nRBo.jpeg', '100$', 'computer science- Auc', NULL, 'full_time', 1, 0, 41, 0, NULL, '2018-08-06 00:32:52', '2018-08-06 00:32:52'),
(104, 'Create new Job', 'Create new Job', 'Create new JobCreate new JobCreate new Job', 'To assign a virtual assistant for our employees to...', '1-2', 'facebook', 'about_companyabout_company', 'storage/images/sxKtlXLhVNYPlZ1g9GsZlrMkTOvHtQPNnc7g9pZF.jpeg', '100$', 'computer science- Auc', NULL, 'full_time', 1, 0, 41, 0, NULL, '2018-08-06 00:37:01', '2018-08-06 00:37:01'),
(105, 'Create new Job', 'Create new Job', 'Create new JobCreate new JobCreate new Job', 'To assign a virtual assistant for our employees to...', '1-2', 'facebook', 'about_companyabout_company', 'storage/images/MKis3khCt9BaYw6DHGZJo6h0Ca74Kv0eSufCLZKM.jpeg', '100$', 'computer science- Auc', NULL, 'full_time', 0, 0, 41, 0, NULL, '2018-08-06 00:37:48', '2018-08-06 20:44:01'),
(106, 'Create new Job', 'Create new Job', 'Create new JobCreate new JobCreate new Job', 'To assign a virtual assistant for our employees to...', '1-2', 'facebook', 'about_companyabout_company', 'storage/images/CKABxalbk2HAV83xDATVLlrPMnutDTOAo1kCwtTh.jpeg', '100$', 'computer science- Auc', NULL, 'full_time', 0, 0, 41, 0, NULL, '2018-08-06 00:38:11', '2018-08-06 20:44:02'),
(107, 'Create new Job', 'Create new Job', 'Create new JobCreate new JobCreate new Job', 'To assign a virtual assistant for our employees to...', '1-2', 'facebook', 'about_companyabout_company', 'storage/images/Sl9Jk6nEbWQdhRfbZqeFjWr4v6cyTWGKCcTfeFfh.jpeg', '100$', 'computer science- Auc', NULL, 'full_time', 1, 0, 41, 0, NULL, '2018-08-06 00:38:17', '2018-08-06 03:07:36'),
(108, 'Web Developer', 'Developer', 'To assign a virtual assistant for our employees to...', 'To assign a virtual assistant for our employees to...', '0-1', 'facebook', 'about_companyabout_company', 'storage/images/CaoUlBUhCJwF1MjkEXkomer3s0CsTJqshnhVAdCu.jpeg', '100$', 'computer science- Auc', NULL, 'full_time', 1, 0, 41, 0, NULL, '2018-08-06 00:44:05', '2018-08-06 00:44:05'),
(109, 'Web Developer', 'Developer', 'To assign a virtual assistant for our employees to...', 'To assign a virtual assistant for our employees to...', '0-1', 'facebook', 'about_companyabout_company', 'storage/images/4AYgDn14QJ9NV4oW6Ls9GfVVPHFfJH3sYhObF5jT.jpeg', '100$', 'computer science- Auc', NULL, 'full_time', 1, 0, 41, 0, NULL, '2018-08-06 00:44:53', '2018-08-06 00:44:53'),
(110, 'Web Developer', 'Developer', 'Web Developer Web Developer Web Developer Web Developer', 'To assign a virtual assistant for our employees to...', '0-1', 'facebook', 'about_companyabout_company', 'storage/images/vGu33q9RsiXeqOQrsJmxmISzxByQZotchf19tb8x.jpeg', '100$', 'computer science- Auc', NULL, 'full_time', 0, 0, 41, 0, NULL, '2018-08-06 01:16:11', '2018-08-06 03:07:57'),
(111, 'Web Developer', 'Developer', 'Web Developer Web Developer Web Developer Web Developer', 'To assign a virtual assistant for our employees to...', '0-1', 'facebook', 'about_companyabout_company', 'storage/images/NHpSUkODroO8nQPUzkHC85cG98UhmAkI0wcFl2tk.jpeg', '100$', 'computer science- Auc', NULL, 'full_time', 1, 0, 41, 0, NULL, '2018-08-06 01:16:29', '2018-08-06 01:16:29'),
(112, 'Loaa Boka', 'Web Developer', 'Web DeveloperWeb Developer', 'about_Company', '0-1', 'facebook', 'about_companyabout_company', 'storage/images/Lpj02DCLrHLOjtmuAHbT6cNLqniZ1ZaD2NutkqcN.jpeg', '200', 'You have reached the limit', NULL, 'hours', 0, 0, 41, 0, NULL, '2018-08-06 01:18:35', '2018-08-06 16:06:07'),
(113, 'Loaa Boka', 'Web Developer', 'Web DeveloperWeb Developer', 'about_Company', '0-1', 'facebook', 'about_companyabout_company', 'storage/images/gMfyftWZJdeOggFb8tq7ExNqMgfT8lcewfH9E1PB.jpeg', '200', 'You have reached the limit', NULL, 'hours', 1, 0, 41, 0, NULL, '2018-08-06 01:19:52', '2018-08-06 17:49:42'),
(114, 'Loaa Boka', 'Good Developer', 'Good DeveloperGood DeveloperGood DeveloperGood Developer', 'To assign a virtual assistant for our employees to...', '2-5', 'facebook', 'about_companyabout_company', 'storage/jobs/Tt2tCFGmo7aS4BwMBbwT0XOQEcbcT3HCkl0tlpXL.jpeg', '100$', 'computer science- Auc', NULL, 'full_time', 1, 0, 41, 0, NULL, '2018-08-07 00:25:04', '2018-08-07 00:25:04'),
(115, 'Good Developer', 'Good Developer', 'Good DeveloperGood DeveloperGood Developer', 'Good Developer', '0-1', 'facebook', 'Good Developer', 'storage/jobs/rP4T3oRQowFEFrpwgBKViO3vGdIzcTdRUxMF7mcS.jpeg', 'Good Developer', 'Good Developer', NULL, 'full_time', 1, 0, 41, 0, NULL, '2018-08-07 00:26:25', '2018-08-07 00:26:25'),
(116, 'Good Developer', 'Good Developer', 'Good DeveloperGood DeveloperGood Developer', 'Good Developer', '0-1', 'facebook', 'Good Developer', 'storage/jobs/a3chjEdKE4YJ2ldalK1gGMThR9K0eiRHgfcOkiL8.jpeg', 'Good Developer', 'Good Developer', 'Ecuador', 'full_time', 1, 0, 41, 0, NULL, '2018-08-07 00:26:47', '2018-08-07 00:26:47'),
(117, 'Good Developer', 'Good Developer', 'Good DeveloperGood DeveloperGood Developer', 'Good Developer', '0-1', 'facebook', 'Good Developer', 'storage/jobs/o8cyKL5pcirkSmnA5o1YOf15tBkaWL1JNsHtOIa1.jpeg', 'Good Developer', 'Good Developer', 'egypt', 'full_time', 1, 0, 41, 0, NULL, '2018-08-07 00:26:51', '2018-08-07 00:26:51'),
(118, 'Good Developer', 'Good Developer', 'Good DeveloperGood Developer', 'Good Developer', '2-5', 'Good Developer', 'Good Developer', 'storage/images/mSQEJBXdvKcmXtyvf9paItiGwdy1QiSd0Au7Q6Z0.jpeg', 'Good Developer', 'Good Developer', 'egypt', 'full_time', 1, 0, 41, 0, NULL, '2018-08-07 00:27:42', '2018-08-07 00:27:42'),
(119, 'Good Developer', 'Good Developer', 'Good DeveloperGood Developer', 'Good Developer', '0-1', 'Good Developer', 'Good Developer', 'storage/jobs/u02N98Gv3j9hMONaBTIvm3Zk6TPTby58CQMK3giN.jpeg', 'Good Developer', 'Good Developer', 'egypt', 'hours', 1, 0, 41, 0, NULL, '2018-08-07 00:30:29', '2018-08-07 00:30:29'),
(120, 'mobile', 'samsung', 'Samsug is a good mobile', 'giza', '0-1', 'google', 'it\'s good company', 'storage/jobs/ZaOdzEmjfKXPIVqCtIkok6c8NaFTPt0fBrM3qGc8.jpeg', '100', 'business', NULL, 'full_time', 1, 0, 42, 64, NULL, '2018-08-09 15:31:39', '2018-08-09 15:31:39');

-- --------------------------------------------------------

--
-- Table structure for table `job_skills`
--

CREATE TABLE `job_skills` (
  `id` int(10) UNSIGNED NOT NULL,
  `skill_id` int(10) UNSIGNED NOT NULL,
  `job_id` int(10) UNSIGNED NOT NULL,
  `remember_token` varchar(100) COLLATE utf8mb4_unicode_ci DEFAULT NULL,
  `created_at` timestamp NULL DEFAULT NULL,
  `updated_at` timestamp NULL DEFAULT NULL
) ENGINE=InnoDB DEFAULT CHARSET=utf8mb4 COLLATE=utf8mb4_unicode_ci;

--
-- Dumping data for table `job_skills`
--

INSERT INTO `job_skills` (`id`, `skill_id`, `job_id`, `remember_token`, `created_at`, `updated_at`) VALUES
(1, 6, 43, NULL, NULL, NULL),
(2, 11, 44, NULL, NULL, NULL),
(3, 38, 2, NULL, NULL, NULL),
(4, 27, 43, NULL, NULL, NULL),
(5, 4, 8, NULL, NULL, NULL),
(6, 15, 13, NULL, NULL, NULL),
(8, 32, 49, NULL, NULL, NULL),
(9, 19, 29, NULL, NULL, NULL),
(10, 18, 16, NULL, NULL, NULL),
(11, 1, 11, NULL, NULL, NULL),
(12, 41, 5, NULL, NULL, NULL),
(13, 50, 46, NULL, NULL, NULL),
(14, 14, 7, NULL, NULL, NULL),
(15, 29, 17, NULL, NULL, NULL),
(16, 13, 27, NULL, NULL, NULL),
(17, 21, 21, NULL, NULL, NULL),
(18, 38, 31, NULL, NULL, NULL),
(19, 47, 18, NULL, NULL, NULL),
(20, 39, 11, NULL, NULL, NULL),
(21, 34, 3, NULL, NULL, NULL),
(22, 37, 6, NULL, NULL, NULL),
(23, 23, 7, NULL, NULL, NULL),
(24, 40, 34, NULL, NULL, NULL),
(25, 38, 43, NULL, NULL, NULL),
(26, 9, 48, NULL, NULL, NULL),
(27, 44, 37, NULL, NULL, NULL),
(28, 21, 17, NULL, NULL, NULL),
(29, 26, 18, NULL, NULL, NULL),
(30, 45, 36, NULL, NULL, NULL),
(31, 12, 3, NULL, NULL, NULL),
(32, 28, 26, NULL, NULL, NULL),
(33, 19, 4, NULL, NULL, NULL),
(34, 16, 11, NULL, NULL, NULL),
(35, 44, 25, NULL, NULL, NULL),
(36, 5, 16, NULL, NULL, NULL),
(37, 16, 9, NULL, NULL, NULL),
(38, 48, 20, NULL, NULL, NULL),
(39, 48, 26, NULL, NULL, NULL),
(40, 17, 46, NULL, NULL, NULL),
(41, 35, 45, NULL, NULL, NULL),
(42, 19, 30, NULL, NULL, NULL),
(43, 32, 16, NULL, NULL, NULL),
(44, 11, 19, NULL, NULL, NULL),
(45, 13, 19, NULL, NULL, NULL),
(46, 34, 47, NULL, NULL, NULL),
(47, 3, 36, NULL, NULL, NULL),
(48, 14, 20, NULL, NULL, NULL),
(49, 2, 31, NULL, NULL, NULL),
(50, 32, 33, NULL, NULL, NULL),
(51, 33, 21, NULL, NULL, NULL),
(52, 42, 17, NULL, NULL, NULL),
(53, 49, 48, NULL, NULL, NULL),
(54, 39, 9, NULL, NULL, NULL),
(55, 42, 45, NULL, NULL, NULL),
(56, 34, 27, NULL, NULL, NULL),
(57, 21, 25, NULL, NULL, NULL),
(58, 48, 6, NULL, NULL, NULL),
(59, 21, 41, NULL, NULL, NULL),
(60, 39, 39, NULL, NULL, NULL),
(61, 49, 18, NULL, NULL, NULL),
(62, 31, 1, NULL, NULL, NULL),
(63, 50, 31, NULL, NULL, NULL),
(64, 9, 33, NULL, NULL, NULL),
(65, 16, 23, NULL, NULL, NULL),
(66, 46, 3, NULL, NULL, NULL),
(67, 33, 19, NULL, NULL, NULL),
(68, 48, 30, NULL, NULL, NULL),
(69, 35, 19, NULL, NULL, NULL),
(70, 6, 27, NULL, NULL, NULL),
(71, 30, 10, NULL, NULL, NULL),
(72, 42, 47, NULL, NULL, NULL),
(73, 21, 31, NULL, NULL, NULL),
(74, 18, 11, NULL, NULL, NULL),
(75, 33, 25, NULL, NULL, NULL),
(76, 11, 10, NULL, NULL, NULL),
(77, 34, 27, NULL, NULL, NULL),
(78, 38, 1, NULL, NULL, NULL),
(79, 28, 1, NULL, NULL, NULL),
(80, 27, 49, NULL, NULL, NULL),
(81, 7, 18, NULL, NULL, NULL),
(82, 32, 26, NULL, NULL, NULL),
(83, 27, 1, NULL, NULL, NULL),
(84, 6, 49, NULL, NULL, NULL),
(85, 31, 45, NULL, NULL, NULL),
(86, 46, 50, NULL, NULL, NULL),
(87, 12, 22, NULL, NULL, NULL),
(88, 11, 50, NULL, NULL, NULL),
(89, 29, 18, NULL, NULL, NULL),
(90, 39, 29, NULL, NULL, NULL),
(91, 1, 12, NULL, NULL, NULL),
(92, 12, 36, NULL, NULL, NULL),
(93, 22, 37, NULL, NULL, NULL),
(94, 6, 38, NULL, NULL, NULL),
(95, 8, 15, NULL, NULL, NULL),
(96, 32, 37, NULL, NULL, NULL),
(97, 13, 39, NULL, NULL, NULL),
(98, 28, 18, NULL, NULL, NULL),
(99, 23, 37, NULL, NULL, NULL),
(100, 22, 24, NULL, NULL, NULL),
(101, 26, 1, NULL, NULL, NULL),
(102, 28, 48, NULL, NULL, NULL),
(103, 40, 20, NULL, NULL, NULL),
(104, 50, 12, NULL, NULL, NULL),
(105, 43, 14, NULL, NULL, NULL),
(106, 17, 26, NULL, NULL, NULL),
(107, 43, 12, NULL, NULL, NULL),
(108, 33, 27, NULL, NULL, NULL),
(109, 46, 39, NULL, NULL, NULL),
(110, 40, 15, NULL, NULL, NULL),
(111, 22, 37, NULL, NULL, NULL),
(112, 36, 37, NULL, NULL, NULL),
(113, 6, 15, NULL, NULL, NULL),
(114, 31, 4, NULL, NULL, NULL),
(115, 47, 15, NULL, NULL, NULL),
(116, 2, 13, NULL, NULL, NULL),
(117, 22, 24, NULL, NULL, NULL),
(118, 44, 25, NULL, NULL, NULL),
(119, 1, 15, NULL, NULL, NULL),
(120, 44, 30, NULL, NULL, NULL),
(121, 13, 10, NULL, NULL, NULL),
(122, 23, 14, NULL, NULL, NULL),
(123, 37, 27, NULL, NULL, NULL),
(124, 19, 29, NULL, NULL, NULL),
(125, 41, 10, NULL, NULL, NULL),
(126, 2, 37, NULL, NULL, NULL),
(127, 12, 27, NULL, NULL, NULL),
(128, 8, 6, NULL, NULL, NULL),
(129, 47, 34, NULL, NULL, NULL),
(130, 1, 7, NULL, NULL, NULL),
(131, 13, 6, NULL, NULL, NULL),
(132, 39, 24, NULL, NULL, NULL),
(133, 8, 23, NULL, NULL, NULL),
(134, 17, 48, NULL, NULL, NULL),
(135, 6, 34, NULL, NULL, NULL),
(136, 49, 25, NULL, NULL, NULL),
(137, 50, 45, NULL, NULL, NULL),
(138, 26, 37, NULL, NULL, NULL),
(139, 16, 28, NULL, NULL, NULL),
(140, 34, 48, NULL, NULL, NULL),
(141, 3, 20, NULL, NULL, NULL),
(142, 7, 21, NULL, NULL, NULL),
(143, 40, 15, NULL, NULL, NULL),
(144, 5, 25, NULL, NULL, NULL),
(145, 1, 29, NULL, NULL, NULL),
(146, 31, 7, NULL, NULL, NULL),
(147, 31, 33, NULL, NULL, NULL),
(148, 46, 18, NULL, NULL, NULL),
(149, 40, 8, NULL, NULL, NULL),
(150, 29, 18, NULL, NULL, NULL),
(151, 8, 10, NULL, NULL, NULL),
(152, 20, 7, NULL, NULL, NULL),
(153, 33, 46, NULL, NULL, NULL),
(154, 14, 2, NULL, NULL, NULL),
(155, 43, 3, NULL, NULL, NULL),
(156, 21, 49, NULL, NULL, NULL),
(157, 7, 6, NULL, NULL, NULL),
(158, 7, 9, NULL, NULL, NULL),
(159, 40, 16, NULL, NULL, NULL),
(160, 5, 24, NULL, NULL, NULL),
(161, 47, 49, NULL, NULL, NULL),
(162, 47, 45, NULL, NULL, NULL),
(163, 38, 15, NULL, NULL, NULL),
(164, 37, 8, NULL, NULL, NULL),
(165, 11, 16, NULL, NULL, NULL),
(166, 34, 9, NULL, NULL, NULL),
(167, 12, 42, NULL, NULL, NULL),
(168, 4, 18, NULL, NULL, NULL),
(169, 22, 23, NULL, NULL, NULL),
(170, 30, 20, NULL, NULL, NULL),
(171, 1, 5, NULL, NULL, NULL),
(172, 17, 7, NULL, NULL, NULL),
(173, 4, 13, NULL, NULL, NULL),
(174, 12, 29, NULL, NULL, NULL),
(175, 46, 1, NULL, NULL, NULL),
(176, 5, 15, NULL, NULL, NULL),
(177, 15, 21, NULL, NULL, NULL),
(178, 27, 17, NULL, NULL, NULL),
(179, 15, 43, NULL, NULL, NULL),
(180, 32, 8, NULL, NULL, NULL),
(181, 27, 4, NULL, NULL, NULL),
(182, 17, 40, NULL, NULL, NULL),
(183, 42, 49, NULL, NULL, NULL),
(184, 46, 13, NULL, NULL, NULL),
(185, 17, 7, NULL, NULL, NULL),
(186, 47, 9, NULL, NULL, NULL),
(187, 20, 4, NULL, NULL, NULL),
(188, 7, 12, NULL, NULL, NULL),
(189, 20, 1, NULL, NULL, NULL),
(190, 31, 32, NULL, NULL, NULL),
(191, 44, 50, NULL, NULL, NULL),
(192, 32, 36, NULL, NULL, NULL),
(193, 1, 26, NULL, NULL, NULL),
(194, 27, 19, NULL, NULL, NULL),
(195, 3, 11, NULL, NULL, NULL),
(196, 4, 42, NULL, NULL, NULL),
(197, 30, 7, NULL, NULL, NULL),
(198, 11, 4, NULL, NULL, NULL),
(199, 30, 26, NULL, NULL, NULL),
(200, 40, 15, NULL, NULL, NULL),
(201, 49, 50, NULL, NULL, NULL),
(202, 9, 1, NULL, NULL, NULL),
(203, 13, 33, NULL, NULL, NULL),
(204, 14, 45, NULL, NULL, NULL),
(205, 10, 26, NULL, NULL, NULL),
(206, 48, 44, NULL, NULL, NULL),
(207, 24, 8, NULL, NULL, NULL),
(208, 16, 48, NULL, NULL, NULL),
(209, 12, 26, NULL, NULL, NULL),
(210, 33, 41, NULL, NULL, NULL),
(211, 48, 29, NULL, NULL, NULL),
(212, 7, 45, NULL, NULL, NULL),
(213, 48, 34, NULL, NULL, NULL),
(214, 32, 25, NULL, NULL, NULL),
(215, 16, 24, NULL, NULL, NULL),
(216, 1, 10, NULL, NULL, NULL),
(217, 46, 23, NULL, NULL, NULL),
(218, 46, 35, NULL, NULL, NULL),
(219, 8, 42, NULL, NULL, NULL),
(220, 36, 44, NULL, NULL, NULL),
(221, 38, 14, NULL, NULL, NULL),
(222, 41, 4, NULL, NULL, NULL),
(223, 5, 4, NULL, NULL, NULL),
(224, 30, 22, NULL, NULL, NULL),
(225, 34, 3, NULL, NULL, NULL),
(226, 19, 17, NULL, NULL, NULL),
(227, 46, 42, NULL, NULL, NULL),
(228, 43, 10, NULL, NULL, NULL),
(229, 19, 47, NULL, NULL, NULL),
(230, 43, 2, NULL, NULL, NULL),
(231, 39, 31, NULL, NULL, NULL),
(232, 47, 3, NULL, NULL, NULL),
(233, 27, 44, NULL, NULL, NULL),
(234, 10, 11, NULL, NULL, NULL),
(235, 39, 18, NULL, NULL, NULL),
(236, 25, 23, NULL, NULL, NULL),
(237, 50, 15, NULL, NULL, NULL),
(238, 17, 22, NULL, NULL, NULL),
(239, 28, 5, NULL, NULL, NULL),
(240, 42, 29, NULL, NULL, NULL),
(241, 44, 37, NULL, NULL, NULL),
(242, 33, 33, NULL, NULL, NULL),
(243, 13, 13, NULL, NULL, NULL),
(244, 22, 24, NULL, NULL, NULL),
(245, 41, 40, NULL, NULL, NULL),
(246, 9, 46, NULL, NULL, NULL),
(247, 15, 22, NULL, NULL, NULL),
(248, 25, 18, NULL, NULL, NULL),
(249, 40, 5, NULL, NULL, NULL),
(250, 35, 33, NULL, NULL, NULL),
(251, 22, 25, NULL, NULL, NULL),
(252, 20, 8, NULL, NULL, NULL),
(253, 8, 47, NULL, NULL, NULL),
(254, 17, 33, NULL, NULL, NULL),
(255, 19, 3, NULL, NULL, NULL),
(256, 8, 38, NULL, NULL, NULL),
(257, 2, 35, NULL, NULL, NULL),
(258, 39, 40, NULL, NULL, NULL),
(259, 16, 31, NULL, NULL, NULL),
(260, 48, 1, NULL, NULL, NULL),
(261, 26, 50, NULL, NULL, NULL),
(262, 35, 49, NULL, NULL, NULL),
(263, 43, 14, NULL, NULL, NULL),
(264, 35, 43, NULL, NULL, NULL),
(265, 12, 27, NULL, NULL, NULL),
(266, 24, 48, NULL, NULL, NULL),
(267, 37, 35, NULL, NULL, NULL),
(268, 10, 31, NULL, NULL, NULL),
(269, 31, 36, NULL, NULL, NULL),
(270, 12, 39, NULL, NULL, NULL),
(271, 39, 6, NULL, NULL, NULL),
(272, 14, 27, NULL, NULL, NULL),
(273, 5, 45, NULL, NULL, NULL),
(274, 7, 48, NULL, NULL, NULL),
(275, 26, 2, NULL, NULL, NULL),
(276, 49, 35, NULL, NULL, NULL),
(277, 37, 36, NULL, NULL, NULL),
(278, 30, 29, NULL, NULL, NULL),
(279, 31, 6, NULL, NULL, NULL),
(280, 32, 12, NULL, NULL, NULL),
(281, 43, 4, NULL, NULL, NULL),
(282, 23, 21, NULL, NULL, NULL),
(283, 34, 3, NULL, NULL, NULL),
(284, 34, 20, NULL, NULL, NULL),
(285, 50, 39, NULL, NULL, NULL),
(286, 19, 29, NULL, NULL, NULL),
(287, 22, 26, NULL, NULL, NULL),
(288, 50, 45, NULL, NULL, NULL),
(289, 31, 14, NULL, NULL, NULL),
(290, 43, 25, NULL, NULL, NULL),
(291, 23, 12, NULL, NULL, NULL),
(292, 28, 27, NULL, NULL, NULL),
(293, 1, 36, NULL, NULL, NULL),
(294, 1, 14, NULL, NULL, NULL),
(295, 21, 38, NULL, NULL, NULL),
(296, 36, 21, NULL, NULL, NULL),
(297, 4, 2, NULL, NULL, NULL),
(298, 27, 50, NULL, NULL, NULL),
(299, 5, 9, NULL, NULL, NULL),
(300, 1, 42, NULL, NULL, NULL),
(301, 21, 9, NULL, NULL, NULL),
(302, 11, 46, NULL, NULL, NULL),
(303, 29, 32, NULL, NULL, NULL),
(304, 4, 45, NULL, NULL, NULL),
(305, 7, 40, NULL, NULL, NULL),
(306, 17, 36, NULL, NULL, NULL),
(307, 28, 44, NULL, NULL, NULL),
(308, 16, 11, NULL, NULL, NULL),
(309, 17, 44, NULL, NULL, NULL),
(310, 48, 28, NULL, NULL, NULL),
(311, 48, 17, NULL, NULL, NULL),
(312, 26, 50, NULL, NULL, NULL),
(313, 43, 40, NULL, NULL, NULL),
(314, 44, 29, NULL, NULL, NULL),
(315, 45, 9, NULL, NULL, NULL),
(316, 28, 39, NULL, NULL, NULL),
(317, 17, 34, NULL, NULL, NULL),
(318, 4, 45, NULL, NULL, NULL),
(319, 48, 6, NULL, NULL, NULL),
(320, 38, 30, NULL, NULL, NULL),
(321, 44, 6, NULL, NULL, NULL),
(322, 37, 42, NULL, NULL, NULL),
(323, 43, 22, NULL, NULL, NULL),
(324, 13, 34, NULL, NULL, NULL),
(325, 30, 46, NULL, NULL, NULL),
(326, 32, 27, NULL, NULL, NULL),
(327, 33, 5, NULL, NULL, NULL),
(328, 12, 25, NULL, NULL, NULL),
(329, 2, 23, NULL, NULL, NULL),
(330, 17, 4, NULL, NULL, NULL),
(331, 8, 3, NULL, NULL, NULL),
(332, 13, 18, NULL, NULL, NULL),
(333, 42, 11, NULL, NULL, NULL),
(334, 5, 16, NULL, NULL, NULL),
(335, 16, 35, NULL, NULL, NULL),
(336, 32, 9, NULL, NULL, NULL),
(337, 19, 35, NULL, NULL, NULL),
(338, 37, 21, NULL, NULL, NULL),
(339, 21, 48, NULL, NULL, NULL),
(340, 15, 7, NULL, NULL, NULL),
(341, 25, 47, NULL, NULL, NULL),
(342, 44, 45, NULL, NULL, NULL),
(343, 10, 24, NULL, NULL, NULL),
(344, 1, 19, NULL, NULL, NULL),
(345, 49, 49, NULL, NULL, NULL),
(346, 3, 44, NULL, NULL, NULL),
(347, 16, 5, NULL, NULL, NULL),
(348, 13, 8, NULL, NULL, NULL),
(349, 7, 37, NULL, NULL, NULL),
(350, 34, 32, NULL, NULL, NULL),
(351, 2, 12, NULL, NULL, NULL),
(352, 46, 25, NULL, NULL, NULL),
(353, 49, 9, NULL, NULL, NULL),
(354, 50, 50, NULL, NULL, NULL),
(355, 15, 26, NULL, NULL, NULL),
(356, 34, 39, NULL, NULL, NULL),
(357, 5, 37, NULL, NULL, NULL),
(358, 22, 39, NULL, NULL, NULL),
(359, 27, 26, NULL, NULL, NULL),
(360, 42, 40, NULL, NULL, NULL),
(361, 32, 15, NULL, NULL, NULL),
(362, 40, 33, NULL, NULL, NULL),
(363, 29, 18, NULL, NULL, NULL),
(364, 31, 8, NULL, NULL, NULL),
(365, 35, 17, NULL, NULL, NULL),
(366, 47, 50, NULL, NULL, NULL),
(367, 41, 10, NULL, NULL, NULL),
(368, 13, 36, NULL, NULL, NULL),
(369, 4, 12, NULL, NULL, NULL),
(370, 17, 36, NULL, NULL, NULL),
(371, 24, 3, NULL, NULL, NULL),
(372, 15, 4, NULL, NULL, NULL),
(373, 9, 13, NULL, NULL, NULL),
(374, 4, 48, NULL, NULL, NULL),
(375, 30, 11, NULL, NULL, NULL),
(376, 25, 14, NULL, NULL, NULL),
(377, 23, 39, NULL, NULL, NULL),
(378, 35, 25, NULL, NULL, NULL),
(379, 12, 21, NULL, NULL, NULL),
(380, 22, 35, NULL, NULL, NULL),
(381, 38, 24, NULL, NULL, NULL),
(382, 20, 12, NULL, NULL, NULL),
(383, 24, 39, NULL, NULL, NULL),
(384, 29, 41, NULL, NULL, NULL),
(385, 44, 44, NULL, NULL, NULL),
(386, 42, 26, NULL, NULL, NULL),
(387, 35, 12, NULL, NULL, NULL),
(388, 29, 10, NULL, NULL, NULL),
(389, 28, 7, NULL, NULL, NULL),
(390, 15, 36, NULL, NULL, NULL),
(391, 38, 9, NULL, NULL, NULL),
(392, 45, 50, NULL, NULL, NULL),
(393, 15, 8, NULL, NULL, NULL),
(394, 23, 8, NULL, NULL, NULL),
(395, 12, 12, NULL, NULL, NULL),
(396, 27, 28, NULL, NULL, NULL),
(397, 3, 26, NULL, NULL, NULL),
(398, 42, 7, NULL, NULL, NULL),
(399, 48, 26, NULL, NULL, NULL),
(400, 33, 47, NULL, NULL, NULL),
(401, 48, 32, NULL, NULL, NULL),
(402, 21, 3, NULL, NULL, NULL),
(403, 23, 30, NULL, NULL, NULL),
(404, 2, 38, NULL, NULL, NULL),
(405, 15, 34, NULL, NULL, NULL),
(406, 37, 43, NULL, NULL, NULL),
(407, 43, 12, NULL, NULL, NULL),
(408, 28, 23, NULL, NULL, NULL),
(409, 26, 15, NULL, NULL, NULL),
(410, 26, 43, NULL, NULL, NULL),
(411, 16, 8, NULL, NULL, NULL),
(412, 25, 2, NULL, NULL, NULL),
(413, 17, 30, NULL, NULL, NULL),
(414, 39, 7, NULL, NULL, NULL),
(415, 45, 33, NULL, NULL, NULL),
(416, 24, 41, NULL, NULL, NULL),
(417, 18, 1, NULL, NULL, NULL),
(418, 4, 46, NULL, NULL, NULL),
(419, 44, 14, NULL, NULL, NULL),
(420, 14, 8, NULL, NULL, NULL),
(421, 47, 16, NULL, NULL, NULL),
(422, 48, 4, NULL, NULL, NULL),
(423, 26, 46, NULL, NULL, NULL),
(424, 34, 13, NULL, NULL, NULL),
(425, 1, 5, NULL, NULL, NULL),
(426, 45, 50, NULL, NULL, NULL),
(427, 25, 29, NULL, NULL, NULL),
(428, 28, 17, NULL, NULL, NULL),
(429, 13, 49, NULL, NULL, NULL),
(430, 29, 49, NULL, NULL, NULL),
(431, 33, 49, NULL, NULL, NULL),
(432, 7, 18, NULL, NULL, NULL),
(433, 49, 35, NULL, NULL, NULL),
(434, 38, 3, NULL, NULL, NULL),
(435, 24, 13, NULL, NULL, NULL),
(436, 10, 20, NULL, NULL, NULL),
(437, 34, 43, NULL, NULL, NULL),
(438, 7, 32, NULL, NULL, NULL),
(439, 27, 49, NULL, NULL, NULL),
(440, 31, 30, NULL, NULL, NULL),
(441, 41, 10, NULL, NULL, NULL),
(442, 38, 24, NULL, NULL, NULL),
(443, 34, 29, NULL, NULL, NULL),
(444, 36, 38, NULL, NULL, NULL),
(445, 39, 36, NULL, NULL, NULL),
(446, 12, 12, NULL, NULL, NULL),
(447, 42, 21, NULL, NULL, NULL),
(448, 50, 28, NULL, NULL, NULL),
(449, 1, 27, NULL, NULL, NULL),
(450, 24, 5, NULL, NULL, NULL),
(451, 50, 42, NULL, NULL, NULL),
(452, 27, 7, NULL, NULL, NULL),
(453, 14, 28, NULL, NULL, NULL),
(454, 11, 32, NULL, NULL, NULL),
(455, 5, 23, NULL, NULL, NULL),
(456, 41, 25, NULL, NULL, NULL),
(457, 10, 49, NULL, NULL, NULL),
(458, 26, 23, NULL, NULL, NULL),
(459, 22, 14, NULL, NULL, NULL),
(460, 45, 26, NULL, NULL, NULL),
(461, 48, 25, NULL, NULL, NULL),
(462, 41, 17, NULL, NULL, NULL),
(463, 8, 28, NULL, NULL, NULL),
(464, 46, 35, NULL, NULL, NULL),
(465, 30, 41, NULL, NULL, NULL),
(466, 1, 2, NULL, NULL, NULL),
(467, 36, 3, NULL, NULL, NULL),
(468, 3, 41, NULL, NULL, NULL),
(469, 13, 9, NULL, NULL, NULL),
(470, 6, 39, NULL, NULL, NULL),
(471, 21, 19, NULL, NULL, NULL),
(472, 41, 50, NULL, NULL, NULL),
(473, 41, 29, NULL, NULL, NULL),
(474, 45, 1, NULL, NULL, NULL),
(475, 9, 1, NULL, NULL, NULL),
(476, 40, 38, NULL, NULL, NULL),
(477, 30, 35, NULL, NULL, NULL),
(478, 3, 37, NULL, NULL, NULL),
(479, 19, 42, NULL, NULL, NULL),
(480, 34, 47, NULL, NULL, NULL),
(481, 35, 2, NULL, NULL, NULL),
(482, 37, 40, NULL, NULL, NULL),
(483, 20, 42, NULL, NULL, NULL),
(484, 43, 24, NULL, NULL, NULL),
(485, 38, 31, NULL, NULL, NULL),
(486, 27, 19, NULL, NULL, NULL),
(487, 5, 20, NULL, NULL, NULL),
(488, 13, 33, NULL, NULL, NULL),
(489, 12, 23, NULL, NULL, NULL),
(490, 23, 20, NULL, NULL, NULL),
(491, 4, 24, NULL, NULL, NULL),
(492, 28, 27, NULL, NULL, NULL),
(493, 41, 1, NULL, NULL, NULL),
(494, 10, 30, NULL, NULL, NULL),
(495, 23, 40, NULL, NULL, NULL),
(496, 13, 25, NULL, NULL, NULL),
(497, 21, 41, NULL, NULL, NULL),
(498, 5, 19, NULL, NULL, NULL),
(499, 14, 16, NULL, NULL, NULL),
(500, 12, 23, NULL, NULL, NULL),
(501, 8, 44, NULL, NULL, NULL),
(502, 22, 45, NULL, NULL, NULL),
(503, 29, 8, NULL, NULL, NULL),
(504, 14, 25, NULL, NULL, NULL),
(505, 25, 45, NULL, NULL, NULL),
(506, 38, 10, NULL, NULL, NULL),
(507, 42, 43, NULL, NULL, NULL),
(508, 10, 29, NULL, NULL, NULL),
(509, 9, 2, NULL, NULL, NULL),
(510, 33, 23, NULL, NULL, NULL),
(511, 36, 22, NULL, NULL, NULL),
(512, 21, 36, NULL, NULL, NULL),
(513, 8, 50, NULL, NULL, NULL),
(514, 2, 49, NULL, NULL, NULL),
(515, 30, 29, NULL, NULL, NULL),
(516, 11, 21, NULL, NULL, NULL),
(517, 18, 1, NULL, NULL, NULL),
(518, 34, 9, NULL, NULL, NULL),
(519, 39, 17, NULL, NULL, NULL),
(520, 15, 46, NULL, NULL, NULL),
(521, 46, 8, NULL, NULL, NULL),
(522, 9, 21, NULL, NULL, NULL),
(523, 39, 7, NULL, NULL, NULL),
(524, 15, 33, NULL, NULL, NULL),
(525, 44, 7, NULL, NULL, NULL),
(526, 8, 36, NULL, NULL, NULL),
(527, 28, 10, NULL, NULL, NULL),
(528, 14, 25, NULL, NULL, NULL),
(529, 36, 9, NULL, NULL, NULL),
(530, 2, 48, NULL, NULL, NULL),
(531, 48, 20, NULL, NULL, NULL),
(532, 22, 13, NULL, NULL, NULL),
(533, 31, 11, NULL, NULL, NULL),
(534, 21, 37, NULL, NULL, NULL),
(535, 14, 50, NULL, NULL, NULL),
(536, 42, 16, NULL, NULL, NULL),
(537, 36, 45, NULL, NULL, NULL),
(538, 18, 13, NULL, NULL, NULL),
(539, 8, 39, NULL, NULL, NULL),
(540, 33, 36, NULL, NULL, NULL),
(541, 34, 22, NULL, NULL, NULL),
(542, 34, 1, NULL, NULL, NULL),
(543, 3, 28, NULL, NULL, NULL),
(544, 2, 17, NULL, NULL, NULL),
(545, 2, 48, NULL, NULL, NULL),
(546, 15, 13, NULL, NULL, NULL),
(547, 34, 2, NULL, NULL, NULL),
(548, 5, 9, NULL, NULL, NULL),
(549, 42, 3, NULL, NULL, NULL),
(550, 28, 5, NULL, NULL, NULL),
(551, 10, 32, NULL, NULL, NULL),
(552, 46, 6, NULL, NULL, NULL),
(553, 17, 41, NULL, NULL, NULL),
(554, 35, 20, NULL, NULL, NULL),
(555, 47, 29, NULL, NULL, NULL),
(556, 46, 35, NULL, NULL, NULL),
(557, 24, 41, NULL, NULL, NULL),
(558, 14, 12, NULL, NULL, NULL),
(559, 39, 27, NULL, NULL, NULL),
(560, 40, 48, NULL, NULL, NULL),
(561, 41, 19, NULL, NULL, NULL),
(562, 31, 5, NULL, NULL, NULL),
(563, 10, 10, NULL, NULL, NULL),
(564, 38, 7, NULL, NULL, NULL),
(565, 6, 39, NULL, NULL, NULL),
(566, 48, 47, NULL, NULL, NULL),
(567, 8, 8, NULL, NULL, NULL),
(568, 49, 25, NULL, NULL, NULL),
(569, 49, 48, NULL, NULL, NULL),
(570, 43, 18, NULL, NULL, NULL),
(571, 37, 20, NULL, NULL, NULL),
(572, 33, 48, NULL, NULL, NULL),
(573, 14, 46, NULL, NULL, NULL),
(574, 36, 35, NULL, NULL, NULL),
(575, 47, 39, NULL, NULL, NULL),
(576, 7, 14, NULL, NULL, NULL),
(577, 42, 49, NULL, NULL, NULL),
(578, 48, 39, NULL, NULL, NULL),
(579, 29, 5, NULL, NULL, NULL),
(580, 13, 47, NULL, NULL, NULL),
(581, 14, 46, NULL, NULL, NULL),
(582, 15, 23, NULL, NULL, NULL),
(583, 45, 5, NULL, NULL, NULL),
(584, 42, 48, NULL, NULL, NULL),
(585, 48, 14, NULL, NULL, NULL),
(586, 6, 19, NULL, NULL, NULL),
(587, 30, 8, NULL, NULL, NULL),
(588, 16, 45, NULL, NULL, NULL),
(589, 49, 24, NULL, NULL, NULL),
(590, 41, 15, NULL, NULL, NULL),
(591, 8, 43, NULL, NULL, NULL),
(592, 47, 31, NULL, NULL, NULL),
(593, 7, 8, NULL, NULL, NULL),
(594, 37, 19, NULL, NULL, NULL),
(595, 43, 30, NULL, NULL, NULL),
(596, 50, 2, NULL, NULL, NULL),
(597, 10, 14, NULL, NULL, NULL),
(598, 38, 32, NULL, NULL, NULL),
(599, 37, 4, NULL, NULL, NULL),
(600, 30, 2, NULL, NULL, NULL),
(601, 40, 39, NULL, NULL, NULL),
(602, 44, 5, NULL, NULL, NULL),
(603, 27, 20, NULL, NULL, NULL),
(604, 26, 31, NULL, NULL, NULL),
(605, 49, 46, NULL, NULL, NULL),
(606, 17, 10, NULL, NULL, NULL),
(607, 7, 44, NULL, NULL, NULL),
(608, 8, 49, NULL, NULL, NULL),
(609, 31, 21, NULL, NULL, NULL),
(610, 26, 28, NULL, NULL, NULL),
(611, 17, 30, NULL, NULL, NULL),
(612, 16, 27, NULL, NULL, NULL),
(613, 45, 40, NULL, NULL, NULL),
(614, 19, 29, NULL, NULL, NULL),
(615, 19, 30, NULL, NULL, NULL),
(616, 31, 36, NULL, NULL, NULL),
(617, 38, 40, NULL, NULL, NULL),
(618, 24, 5, NULL, NULL, NULL),
(619, 39, 12, NULL, NULL, NULL),
(620, 21, 1, NULL, NULL, NULL),
(621, 34, 3, NULL, NULL, NULL),
(622, 45, 9, NULL, NULL, NULL),
(623, 40, 48, NULL, NULL, NULL),
(624, 13, 13, NULL, NULL, NULL),
(625, 19, 16, NULL, NULL, NULL),
(626, 38, 15, NULL, NULL, NULL),
(627, 25, 38, NULL, NULL, NULL),
(628, 26, 34, NULL, NULL, NULL),
(629, 13, 18, NULL, NULL, NULL),
(630, 1, 49, NULL, NULL, NULL),
(631, 17, 49, NULL, NULL, NULL),
(632, 38, 4, NULL, NULL, NULL),
(633, 39, 5, NULL, NULL, NULL),
(634, 34, 40, NULL, NULL, NULL),
(635, 37, 6, NULL, NULL, NULL),
(636, 28, 29, NULL, NULL, NULL),
(637, 9, 30, NULL, NULL, NULL),
(638, 29, 9, NULL, NULL, NULL),
(639, 9, 22, NULL, NULL, NULL),
(640, 23, 33, NULL, NULL, NULL),
(641, 46, 10, NULL, NULL, NULL),
(642, 40, 37, NULL, NULL, NULL),
(643, 33, 9, NULL, NULL, NULL),
(644, 38, 2, NULL, NULL, NULL),
(645, 21, 25, NULL, NULL, NULL),
(646, 36, 5, NULL, NULL, NULL),
(647, 30, 37, NULL, NULL, NULL),
(648, 10, 8, NULL, NULL, NULL),
(649, 25, 19, NULL, NULL, NULL),
(650, 22, 9, NULL, NULL, NULL),
(651, 26, 28, NULL, NULL, NULL),
(652, 17, 35, NULL, NULL, NULL),
(653, 46, 16, NULL, NULL, NULL),
(654, 14, 32, NULL, NULL, NULL),
(655, 36, 31, NULL, NULL, NULL),
(656, 42, 1, NULL, NULL, NULL),
(657, 10, 23, NULL, NULL, NULL),
(658, 47, 6, NULL, NULL, NULL),
(659, 21, 43, NULL, NULL, NULL),
(660, 2, 50, NULL, NULL, NULL),
(661, 1, 16, NULL, NULL, NULL),
(662, 4, 38, NULL, NULL, NULL),
(663, 11, 14, NULL, NULL, NULL),
(664, 1, 4, NULL, NULL, NULL),
(665, 3, 36, NULL, NULL, NULL),
(666, 30, 27, NULL, NULL, NULL),
(667, 47, 29, NULL, NULL, NULL),
(668, 34, 7, NULL, NULL, NULL),
(669, 10, 13, NULL, NULL, NULL),
(670, 49, 45, NULL, NULL, NULL),
(671, 17, 18, NULL, NULL, NULL),
(672, 29, 44, NULL, NULL, NULL),
(673, 6, 46, NULL, NULL, NULL),
(674, 38, 25, NULL, NULL, NULL),
(675, 28, 8, NULL, NULL, NULL),
(676, 9, 46, NULL, NULL, NULL),
(677, 47, 34, NULL, NULL, NULL),
(678, 5, 32, NULL, NULL, NULL),
(679, 27, 37, NULL, NULL, NULL),
(680, 9, 34, NULL, NULL, NULL),
(681, 27, 8, NULL, NULL, NULL),
(682, 29, 12, NULL, NULL, NULL),
(683, 9, 8, NULL, NULL, NULL),
(684, 5, 5, NULL, NULL, NULL),
(685, 39, 30, NULL, NULL, NULL),
(686, 49, 9, NULL, NULL, NULL),
(687, 36, 1, NULL, NULL, NULL),
(688, 3, 34, NULL, NULL, NULL),
(689, 48, 49, NULL, NULL, NULL),
(690, 32, 42, NULL, NULL, NULL),
(691, 47, 8, NULL, NULL, NULL),
(692, 35, 10, NULL, NULL, NULL),
(693, 14, 25, NULL, NULL, NULL),
(694, 34, 16, NULL, NULL, NULL),
(695, 8, 42, NULL, NULL, NULL),
(696, 11, 3, NULL, NULL, NULL),
(697, 44, 38, NULL, NULL, NULL),
(698, 4, 32, NULL, NULL, NULL),
(699, 7, 14, NULL, NULL, NULL),
(700, 11, 30, NULL, NULL, NULL),
(701, 46, 3, NULL, NULL, NULL),
(702, 16, 47, NULL, NULL, NULL),
(703, 14, 2, NULL, NULL, NULL),
(704, 12, 46, NULL, NULL, NULL),
(705, 31, 13, NULL, NULL, NULL),
(706, 22, 25, NULL, NULL, NULL),
(707, 37, 27, NULL, NULL, NULL),
(708, 38, 32, NULL, NULL, NULL),
(709, 8, 40, NULL, NULL, NULL),
(710, 40, 45, NULL, NULL, NULL),
(711, 39, 3, NULL, NULL, NULL),
(712, 37, 9, NULL, NULL, NULL),
(713, 44, 14, NULL, NULL, NULL),
(714, 48, 5, NULL, NULL, NULL),
(715, 20, 21, NULL, NULL, NULL),
(716, 31, 35, NULL, NULL, NULL),
(717, 39, 4, NULL, NULL, NULL),
(718, 32, 24, NULL, NULL, NULL),
(719, 28, 12, NULL, NULL, NULL),
(720, 34, 33, NULL, NULL, NULL),
(721, 26, 4, NULL, NULL, NULL),
(722, 13, 18, NULL, NULL, NULL),
(723, 3, 20, NULL, NULL, NULL),
(724, 20, 10, NULL, NULL, NULL),
(725, 16, 34, NULL, NULL, NULL),
(726, 8, 3, NULL, NULL, NULL),
(727, 15, 6, NULL, NULL, NULL),
(728, 2, 22, NULL, NULL, NULL),
(729, 39, 24, NULL, NULL, NULL),
(730, 11, 18, NULL, NULL, NULL),
(731, 12, 39, NULL, NULL, NULL),
(732, 23, 15, NULL, NULL, NULL),
(733, 46, 4, NULL, NULL, NULL),
(734, 6, 16, NULL, NULL, NULL),
(735, 47, 9, NULL, NULL, NULL),
(736, 11, 12, NULL, NULL, NULL),
(737, 14, 38, NULL, NULL, NULL),
(738, 34, 4, NULL, NULL, NULL),
(739, 21, 28, NULL, NULL, NULL),
(740, 23, 17, NULL, NULL, NULL),
(741, 32, 33, NULL, NULL, NULL),
(742, 43, 25, NULL, NULL, NULL),
(743, 29, 41, NULL, NULL, NULL),
(744, 15, 37, NULL, NULL, NULL),
(745, 35, 39, NULL, NULL, NULL),
(746, 3, 21, NULL, NULL, NULL),
(747, 36, 50, NULL, NULL, NULL),
(748, 23, 12, NULL, NULL, NULL),
(749, 13, 26, NULL, NULL, NULL),
(750, 34, 29, NULL, NULL, NULL),
(751, 7, 19, NULL, NULL, NULL),
(752, 6, 38, NULL, NULL, NULL),
(753, 42, 24, NULL, NULL, NULL),
(754, 49, 12, NULL, NULL, NULL),
(755, 36, 36, NULL, NULL, NULL),
(756, 13, 29, NULL, NULL, NULL),
(757, 29, 3, NULL, NULL, NULL),
(758, 19, 29, NULL, NULL, NULL),
(759, 42, 31, NULL, NULL, NULL),
(760, 37, 21, NULL, NULL, NULL),
(761, 38, 15, NULL, NULL, NULL),
(762, 25, 40, NULL, NULL, NULL),
(763, 21, 21, NULL, NULL, NULL),
(764, 46, 5, NULL, NULL, NULL),
(765, 10, 49, NULL, NULL, NULL),
(766, 27, 7, NULL, NULL, NULL),
(767, 28, 50, NULL, NULL, NULL),
(768, 44, 30, NULL, NULL, NULL),
(769, 7, 24, NULL, NULL, NULL),
(770, 41, 38, NULL, NULL, NULL),
(771, 16, 7, NULL, NULL, NULL),
(772, 14, 20, NULL, NULL, NULL),
(773, 31, 13, NULL, NULL, NULL),
(774, 38, 50, NULL, NULL, NULL),
(775, 32, 49, NULL, NULL, NULL),
(776, 10, 50, NULL, NULL, NULL),
(777, 5, 4, NULL, NULL, NULL),
(778, 44, 41, NULL, NULL, NULL),
(779, 26, 25, NULL, NULL, NULL),
(780, 29, 31, NULL, NULL, NULL),
(781, 30, 38, NULL, NULL, NULL),
(782, 7, 1, NULL, NULL, NULL),
(783, 35, 30, NULL, NULL, NULL),
(784, 50, 1, NULL, NULL, NULL),
(785, 41, 37, NULL, NULL, NULL),
(786, 7, 25, NULL, NULL, NULL),
(787, 44, 13, NULL, NULL, NULL),
(788, 46, 23, NULL, NULL, NULL),
(789, 50, 22, NULL, NULL, NULL),
(790, 4, 27, NULL, NULL, NULL),
(791, 46, 49, NULL, NULL, NULL),
(792, 22, 5, NULL, NULL, NULL),
(793, 27, 39, NULL, NULL, NULL),
(794, 12, 14, NULL, NULL, NULL),
(795, 38, 45, NULL, NULL, NULL),
(796, 33, 15, NULL, NULL, NULL),
(797, 37, 8, NULL, NULL, NULL),
(798, 46, 14, NULL, NULL, NULL),
(799, 25, 7, NULL, NULL, NULL),
(800, 23, 27, NULL, NULL, NULL),
(801, 17, 14, NULL, NULL, NULL),
(802, 16, 25, NULL, NULL, NULL),
(803, 3, 14, NULL, NULL, NULL),
(804, 35, 6, NULL, NULL, NULL),
(805, 36, 17, NULL, NULL, NULL),
(806, 48, 42, NULL, NULL, NULL),
(807, 14, 46, NULL, NULL, NULL),
(808, 2, 109, NULL, NULL, NULL),
(809, 3, 109, NULL, NULL, NULL),
(810, 4, 109, NULL, NULL, NULL),
(811, 2, 110, NULL, NULL, NULL),
(812, 3, 110, NULL, NULL, NULL),
(813, 2, 111, NULL, NULL, NULL),
(814, 3, 111, NULL, NULL, NULL),
(815, 2, 112, NULL, NULL, NULL),
(816, 3, 112, NULL, NULL, NULL),
(817, 2, 113, NULL, NULL, NULL),
(818, 3, 113, NULL, NULL, NULL),
(819, 2, 114, NULL, NULL, NULL),
(820, 3, 114, NULL, NULL, NULL),
(821, 3, 117, NULL, NULL, NULL),
(822, 3, 118, NULL, NULL, NULL),
(823, 2, 119, NULL, NULL, NULL),
(824, 6, 120, NULL, NULL, NULL),
(825, 8, 120, NULL, NULL, NULL);

-- --------------------------------------------------------

--
-- Table structure for table `migrations`
--

CREATE TABLE `migrations` (
  `id` int(10) UNSIGNED NOT NULL,
  `migration` varchar(191) COLLATE utf8mb4_unicode_ci NOT NULL,
  `batch` int(11) NOT NULL
) ENGINE=InnoDB DEFAULT CHARSET=utf8mb4 COLLATE=utf8mb4_unicode_ci;

--
-- Dumping data for table `migrations`
--

INSERT INTO `migrations` (`id`, `migration`, `batch`) VALUES
(1, '2014_10_12_000000_create_users_table', 1),
(2, '2014_10_12_100000_create_password_resets_table', 1),
(3, '2018_07_31_234854_create_jobs_table', 1),
(4, '2018_08_01_022244_create_skills_table', 1),
(5, '2018_08_01_220711_job_skills_name_table', 1),
(6, '2018_08_02_031143_create_countries_table', 1),
(7, '2018_08_02_032028_create_bookmarks_table', 1),
(8, '2018_08_02_145640_create_applies_table', 1),
(9, '2018_08_02_231712_create_country_id_table', 1),
(10, '2018_08_08_212733_create_user_skills_table', 2);

-- --------------------------------------------------------

--
-- Table structure for table `password_resets`
--

CREATE TABLE `password_resets` (
  `email` varchar(191) COLLATE utf8mb4_unicode_ci NOT NULL,
  `token` varchar(191) COLLATE utf8mb4_unicode_ci NOT NULL,
  `created_at` timestamp NULL DEFAULT NULL
) ENGINE=InnoDB DEFAULT CHARSET=utf8mb4 COLLATE=utf8mb4_unicode_ci;

-- --------------------------------------------------------

--
-- Table structure for table `skills`
--

CREATE TABLE `skills` (
  `id` int(10) UNSIGNED NOT NULL,
  `name` varchar(191) COLLATE utf8mb4_unicode_ci NOT NULL,
  `remember_token` varchar(100) COLLATE utf8mb4_unicode_ci DEFAULT NULL,
  `created_at` timestamp NULL DEFAULT NULL,
  `updated_at` timestamp NULL DEFAULT NULL
) ENGINE=InnoDB DEFAULT CHARSET=utf8mb4 COLLATE=utf8mb4_unicode_ci;

--
-- Dumping data for table `skills`
--

INSERT INTO `skills` (`id`, `name`, `remember_token`, `created_at`, `updated_at`) VALUES
(1, 'WordPress', NULL, NULL, NULL),
(2, 'Microsoft', NULL, NULL, NULL),
(3, 'Office', NULL, NULL, NULL),
(4, 'Adobe', NULL, NULL, NULL),
(5, 'Photoshop', NULL, NULL, NULL),
(6, 'Adobe Photoshop', NULL, NULL, NULL),
(7, 'Adobe Illustrator', NULL, NULL, NULL),
(8, 'Adobe Indesign', NULL, NULL, NULL),
(9, 'Interface Design', NULL, NULL, NULL),
(10, 'Information Technology (IT)', NULL, NULL, NULL),
(11, 'Graphic Design', NULL, NULL, NULL),
(12, 'Web Design', NULL, NULL, NULL),
(13, 'HTML', NULL, NULL, NULL),
(14, 'CSS', NULL, NULL, NULL),
(15, 'jQuery', NULL, NULL, NULL),
(16, 'Bootstrap Framework', NULL, NULL, NULL),
(17, 'Testing', NULL, NULL, NULL),
(18, 'Animation', NULL, NULL, NULL),
(19, 'Human Resources (HR)', NULL, NULL, NULL),
(20, 'Recruitment', NULL, NULL, NULL),
(21, 'Interviews', NULL, NULL, NULL),
(22, 'Employee Relations', NULL, NULL, NULL),
(23, 'Employment Law', NULL, NULL, NULL),
(24, 'IT/Software Development', NULL, NULL, NULL),
(25, 'Marketing/PR/Advertising', NULL, NULL, NULL),
(26, 'Project/Program Management', NULL, NULL, NULL),
(27, 'Startup', NULL, NULL, NULL),
(28, 'magento', NULL, NULL, NULL),
(29, 'HTML5', NULL, NULL, NULL),
(30, 'CSS3', NULL, NULL, NULL),
(31, 'PostgreSQL', NULL, NULL, NULL),
(32, 'GitPlus', NULL, NULL, NULL),
(33, 'Angular', NULL, NULL, NULL),
(34, 'TypeScript', NULL, NULL, NULL),
(35, 'React', NULL, NULL, NULL),
(36, 'Computer Science', NULL, NULL, NULL),
(37, 'Software Engineering', NULL, NULL, NULL),
(38, 'Python', NULL, NULL, NULL),
(39, 'Web Development', NULL, NULL, NULL),
(40, 'Software Development', NULL, NULL, NULL),
(41, 'Linux', NULL, NULL, NULL),
(42, 'Diango', NULL, NULL, NULL),
(43, 'REST', NULL, NULL, NULL),
(44, 'Shell Scripting', NULL, NULL, NULL),
(45, 'Software Technologies', NULL, NULL, NULL),
(46, 'API', NULL, NULL, NULL),
(47, 'WordPress', NULL, NULL, NULL),
(48, 'Microsoft', NULL, NULL, NULL),
(49, 'Office', NULL, NULL, NULL),
(50, 'Adobe', NULL, NULL, NULL),
(51, 'Photoshop', NULL, NULL, NULL),
(52, 'Adobe Photoshop', NULL, NULL, NULL),
(53, 'Adobe Illustrator', NULL, NULL, NULL),
(54, 'Adobe Indesign', NULL, NULL, NULL),
(55, 'Interface Design', NULL, NULL, NULL),
(56, 'Information Technology (IT)', NULL, NULL, NULL),
(57, 'Graphic Design', NULL, NULL, NULL),
(58, 'Web Design', NULL, NULL, NULL),
(59, 'HTML', NULL, NULL, NULL),
(60, 'CSS', NULL, NULL, NULL),
(61, 'jQuery', NULL, NULL, NULL),
(62, 'Bootstrap Framework', NULL, NULL, NULL),
(63, 'Testing', NULL, NULL, NULL),
(64, 'Animation', NULL, NULL, NULL),
(65, 'Human Resources (HR)', NULL, NULL, NULL),
(66, 'Recruitment', NULL, NULL, NULL),
(67, 'Interviews', NULL, NULL, NULL),
(68, 'Employee Relations', NULL, NULL, NULL),
(69, 'Employment Law', NULL, NULL, NULL),
(70, 'IT/Software Development', NULL, NULL, NULL),
(71, 'Marketing/PR/Advertising', NULL, NULL, NULL),
(72, 'Project/Program Management', NULL, NULL, NULL),
(73, 'Startup', NULL, NULL, NULL),
(74, 'magento', NULL, NULL, NULL),
(75, 'HTML5', NULL, NULL, NULL),
(76, 'CSS3', NULL, NULL, NULL),
(77, 'PostgreSQL', NULL, NULL, NULL),
(78, 'GitPlus', NULL, NULL, NULL),
(79, 'Angular', NULL, NULL, NULL),
(80, 'TypeScript', NULL, NULL, NULL),
(81, 'React', NULL, NULL, NULL),
(82, 'Computer Science', NULL, NULL, NULL),
(83, 'Software Engineering', NULL, NULL, NULL),
(84, 'Python', NULL, NULL, NULL),
(85, 'Web Development', NULL, NULL, NULL),
(86, 'Software Development', NULL, NULL, NULL),
(87, 'Linux', NULL, NULL, NULL),
(88, 'Diango', NULL, NULL, NULL),
(89, 'REST', NULL, NULL, NULL),
(90, 'Shell Scripting', NULL, NULL, NULL),
(91, 'Software Technologies', NULL, NULL, NULL),
(92, 'API', NULL, NULL, NULL);

-- --------------------------------------------------------

--
-- Table structure for table `users`
--

CREATE TABLE `users` (
  `id` int(10) UNSIGNED NOT NULL,
  `first_name` varchar(191) COLLATE utf8mb4_unicode_ci NOT NULL,
  `last_name` varchar(191) COLLATE utf8mb4_unicode_ci NOT NULL,
  `email` varchar(191) COLLATE utf8mb4_unicode_ci NOT NULL,
  `password` varchar(191) COLLATE utf8mb4_unicode_ci NOT NULL,
  `phone` varchar(191) COLLATE utf8mb4_unicode_ci NOT NULL,
  `country` varchar(191) COLLATE utf8mb4_unicode_ci DEFAULT NULL,
  `job` varchar(191) COLLATE utf8mb4_unicode_ci DEFAULT NULL,
  `about` varchar(191) COLLATE utf8mb4_unicode_ci DEFAULT NULL,
  `avatar` varchar(191) COLLATE utf8mb4_unicode_ci DEFAULT NULL,
  `role` varchar(191) COLLATE utf8mb4_unicode_ci NOT NULL,
  `gender` varchar(191) COLLATE utf8mb4_unicode_ci NOT NULL,
  `country_id` int(10) UNSIGNED DEFAULT NULL,
  `follow` int(11) DEFAULT NULL,
  `remember_token` varchar(100) COLLATE utf8mb4_unicode_ci DEFAULT NULL,
  `created_at` timestamp NULL DEFAULT NULL,
  `updated_at` timestamp NULL DEFAULT NULL
) ENGINE=InnoDB DEFAULT CHARSET=utf8mb4 COLLATE=utf8mb4_unicode_ci;

--
-- Dumping data for table `users`
--

INSERT INTO `users` (`id`, `first_name`, `last_name`, `email`, `password`, `phone`, `country`, `job`, `about`, `avatar`, `role`, `gender`, `country_id`, `follow`, `remember_token`, `created_at`, `updated_at`) VALUES
(1, 'nkxP', 'DRpG', 'O1ca82vg4@gmail.com', '459054', '+2011772628421', 'Croatia (Hrvatska)', 'PLv', 'zbfKwPTmQEIJ8BL', '', 'user', 'male', 0, NULL, NULL, NULL, NULL),
(2, 'vmRl', '3daf', 'Vvq6awtd2@gmail.com', '474996', '+2011927815465', 'Croatia (Hrvatska)', 'suI', 'doB7WHAabSNAnqw', '', 'user', 'male', 0, NULL, NULL, NULL, NULL),
(3, 'qLzs', 'nOWN', 'xMoztr4A1@gmail.com', '472030', '+2011766368876', 'Bosnia and Herzegowina', 'zwj', '1Q6fmLmOVg84roN', '', 'user', 'female', 0, NULL, NULL, NULL, NULL),
(4, 'pvEt', 'd9a1', 'gXp8Jamd4@gmail.com', '461910', '+2011146635904', 'Belgium', 'Vey', 'KktlGk3vMlPP7e1', '', 'user', 'female', 0, NULL, NULL, NULL, NULL),
(5, '05dR', 'iYVY', 'ZnOYW6lb1@gmail.com', '462359', '+2011438276880', 'Gabon', 'B9r', '1jKJVLOXlA4jbhe', '', 'user', 'female', 0, NULL, NULL, NULL, NULL),
(6, '86wb', 'cKGQ', 'z8baTL6U3@gmail.com', '465647', '+2011445528061', 'Cayman Islands', 'Hzo', 'qNpGL6Em2AtYZ77', '', 'user', 'male', 0, NULL, NULL, NULL, NULL),
(7, 'iymJ', 'whoU', 'd2sLKu9Z2@gmail.com', '457774', '+2011115578676', 'Botswana', 'vV8', 'MvYpW3YVKDyNeN8', '', 'user', 'female', 0, NULL, NULL, NULL, NULL),
(8, 'teJ2', 'Vr46', 'zLkE9y5F1@gmail.com', '462744', '+2011110521956', 'Gibraltar', '41Q', '8zfXPgqBS5eVcvk', '', 'user', 'male', 0, NULL, NULL, NULL, NULL),
(9, 'wq3A', 'eURM', 'WyWYC6R82@gmail.com', '456552', '+2011812812127', 'Gabon', 'Qv5', 'IsKbksZMh8kGUXM', '', 'user', 'female', 0, NULL, NULL, NULL, NULL),
(10, 'Udyl', 'lHHJ', 'e3k2dGpV4@gmail.com', '472448', '+2011864683036', 'Cayman Islands', 'YfE', 'xZqrTHDUQCfytsz', '', 'user', 'female', 0, NULL, NULL, NULL, NULL),
(11, 'n8XJ', '9aP9', 'Typ8E8Ul1@gmail.com', '465709', '+201154244705', 'Belgium', 'eTW', 'MOvhAJayqB28Qxh', '', 'user', 'male', 0, NULL, NULL, NULL, NULL),
(12, 'v6qW', 'LtsL', 'y0CPx94Y3@gmail.com', '473348', '+2011694023115', 'Cayman Islands', 'Qwb', 'I6agjXnVbfESfkS', '', 'user', 'female', 0, NULL, NULL, NULL, NULL),
(13, 'Gs4z', '8qH2', 'eO0WdVCf2@gmail.com', '467335', '+201145939589', 'Gibraltar', '898', 'WfVoIRrYAXxqKBi', '', 'user', 'female', 0, NULL, NULL, NULL, NULL),
(14, 'KOmy', 'QPOd', 'RAIcfFpl3@gmail.com', '472744', '+2011232211861', 'Botswana', 'PdM', 'p5J4PrKt1tdkoFz', '', 'user', 'female', 0, NULL, NULL, NULL, NULL),
(15, 'dIc0', 'B2EW', 'BZG18zO03@gmail.com', '463657', '+2011462095312', 'Armenia', '8Xc', 'Nm7pSHhzQJb4OZR', '', 'user', 'female', 0, NULL, NULL, NULL, NULL),
(16, 'uPOl', 'HzQu', '2vH0W4bx2@gmail.com', '454661', '+2011426080994', 'Croatia (Hrvatska)', 'ofM', 'DRqNIgLwn7pMEvs', '', 'user', 'female', 0, NULL, NULL, NULL, NULL),
(17, 'PFMW', 'hmtR', 'jexP0prT2@gmail.com', '459141', '+2011806869869', 'Gibraltar', '4Si', 'XuP0cJAOaT86cca', '', 'user', 'female', 0, NULL, NULL, NULL, NULL),
(18, 'tZv2', '9wcq', 'qVJXxz0t3@gmail.com', '464309', '+2011488522056', 'Armenia', 'c5R', 'F9Jkv3CoxokQM00', '', 'user', 'male', 0, NULL, NULL, NULL, NULL),
(19, '66LC', 'jOka', 'tii5oTkj2@gmail.com', '463741', '+2011748078214', 'Fiji', '7if', 'Yo0YPR6YBRVzV83', '', 'user', 'male', 0, NULL, NULL, NULL, NULL),
(20, 'A5Sn', 'RKhc', 'V85yiC1q3@gmail.com', '455107', '+2011665669904', 'Ghana', 'Vs1', 'VR3jNQCX5KKBdTm', '', 'user', 'male', 0, NULL, NULL, NULL, NULL),
(21, 'gIIl', 'ihlo', 'LxjzyKms1@gmail.com', '466887', '+2011466093187', 'Belgium', 'zHP', 'ZMRIJC11UmGQx1V', '', 'user', 'male', 0, NULL, NULL, NULL, NULL),
(22, 'ayuP', 'yfWb', 'TqNZ3EEV1@gmail.com', '466139', '+2011356232877', 'Belgium', 'Drn', 'bHaW9s95p5Wfuup', '', 'user', 'male', 0, NULL, NULL, NULL, NULL),
(23, 'e9pA', 'kU5b', 'qnIb1SPT3@gmail.com', '454448', '+2011893001039', 'Ghana', 'td1', '0LCxJdErXBs3vPE', '', 'user', 'female', 0, NULL, NULL, NULL, NULL),
(24, 'u4eK', 'xitG', 'OvDLD5hW1@gmail.com', '458103', '+2011431334696', 'Croatia (Hrvatska)', 'MAQ', '6fUyHhGNzIDwJeo', '', 'user', 'male', 0, NULL, NULL, NULL, NULL),
(25, 'NsMs', 'aOur', 'bKiosp0G2@gmail.com', '469027', '+2011536628835', 'Gabon', 'FAO', 'HlCsicMNjum05QJ', '', 'user', 'female', 0, NULL, NULL, NULL, NULL),
(26, '9JZ3', 'ONML', 'UWPjDbVQ3@gmail.com', '471416', '+2011138485530', 'Croatia (Hrvatska)', 'Ldj', 'KeekUTI8bzZSpta', '', 'user', 'female', 0, NULL, NULL, NULL, NULL),
(27, 'jtMr', 'byAE', 'pzMbrO1b3@gmail.com', '455450', '+2011854913700', 'Botswana', 'jZr', 'hkIYhRIBvTgyiEW', '', 'user', 'male', 0, NULL, NULL, NULL, NULL),
(28, 'fA6k', '7jKq', '2XrJ4bqh1@gmail.com', '475542', '+2011432379400', 'Gibraltar', 'qQO', 'IQCka2ieIw0OyLm', '', 'user', 'female', 0, NULL, NULL, NULL, NULL),
(29, 'NZrD', 'UgBL', 'zANRDDc73@gmail.com', '455664', '+2011132505757', 'Bosnia and Herzegowina', '3zo', '1IOjUQOU3pdkVHt', '', 'user', 'female', 0, NULL, NULL, NULL, NULL),
(30, 'eOj5', 'iK9y', 'RDdrJaHy4@gmail.com', '464399', '+2011760205842', 'Fiji', 'kVz', 'xS1N0PZVoqT8IHI', '', 'user', 'male', 0, NULL, NULL, NULL, NULL),
(31, 'yORh', 'QPmF', 'aGHPaqP72@gmail.com', '475363', '+2011425688551', 'Andorra', '6g8', '5zKLLwBlWznkkiA', '', 'user', 'female', 0, NULL, NULL, NULL, NULL),
(32, 'hHXC', '7R6t', 'YhuPJaiO3@gmail.com', '461723', '+201168993613', 'Belgium', '7WY', 'd0n5SgC525XCVnA', '', 'user', 'female', 0, NULL, NULL, NULL, NULL),
(33, 'Hcfr', 'ww8h', 'u4wXG9wA1@gmail.com', '472865', '+2011287079589', 'Ghana', 'qBg', 'qU71vK0xOjM4FEw', '', 'user', 'male', 0, NULL, NULL, NULL, NULL),
(34, 'Szeb', 'zAwD', 'xM8u5cMW3@gmail.com', '461010', '+2011464947451', 'Belgium', 'E8J', 'PA6R8Lzzl4UZ3zZ', '', 'user', 'male', 0, NULL, NULL, NULL, NULL),
(35, 'MVUY', 'uiNX', '432OiWg74@gmail.com', '460882', '+2011172917492', 'Botswana', 'gxQ', '8c5qUvbO7rYjLkW', '', 'user', 'female', 0, NULL, NULL, NULL, NULL),
(36, 'ierI', 'TaK1', 'qjqTbNnI4@gmail.com', '460846', '+201197047903', 'Fiji', '3jv', 'XkFisZI7H3Bl5up', '', 'user', 'female', 0, NULL, NULL, NULL, NULL),
(37, 'nKWF', '2RnT', 'XUHl9Eti1@gmail.com', '470039', '+2011454937004', 'Ghana', 'rZF', '8md8FoVnTkbBp7A', '', 'user', 'male', 0, NULL, NULL, NULL, NULL),
(38, 'jC1R', 'PEbh', 'Rcn5Cxct2@gmail.com', '475425', '+2011472619462', 'Fiji', '7DU', 'eN0dWAjJk20FfZ3', '', 'user', 'female', 0, NULL, NULL, NULL, NULL),
(39, 'rwbw', '2uG9', 'FXtI0XCk1@gmail.com', '474713', '+2011316792497', 'Belgium', 'wtr', 'Hm1qjWRFf3lbrSy', '', 'user', 'female', 0, NULL, NULL, NULL, NULL),
(40, 'HPME', 'V7K1', 'Vhly7P864@gmail.com', '459600', '+2011349355021', 'Armenia', 'R3n', 'bFi2gEjYC9psJj5', '', 'user', 'male', 0, NULL, NULL, NULL, NULL),
(41, 'Alaa', 'Abdallah', 'goto11201012@yahoo.com', '$2y$10$96yQxauIm1kcsDggcQBCUOSBtr.Z0TCU4SBw4tjisQjE6NrOohbfe', '+201144674894', NULL, 'student', 'i\'m Alaa From Egypt, I have 21 years old', '/storage/users/4N11vT2voo7srrlmL59HnGwTGoj6KgvGrrR5VuH1.jpeg', 'user', 'male', 0, NULL, 'zrZRYE3TCODPI4lbswUBAMcZzHRxEBDg1L9ndq0E34JXOnMoNUbE9t4RVot7', '2018-08-04 19:01:57', '2018-08-08 18:07:35'),
(42, 'Alaa', 'mohamed', 'alaa11201050@yahoo.com', '$2y$10$jG1xRp1zzbfTfVikUdm0NeAzt7LdAvq/OEYG5tYN9dxMuzKKEaK6a', '01152585585', 'Egypt', NULL, NULL, '/storage/users/xldM9xa6eYQCaOD1OwQe0EC0cG4cdyzSemkeAXX5.jpeg', 'user', 'male', 0, NULL, 'nqxnumFJsLvfcrnuHJYlm4w9dS2WIX9p56oV2LsMdxKvOFtOrkyowG4mToS8', '2018-08-06 21:47:35', '2018-08-08 18:29:12'),
(43, 'ahmed', 'mohamed', 'alaa11s201050@yahoo.com', '$2y$10$.Z7/N0tCnRsNkhIj/cXgYeZXBV7wTzjzLD05jDUP8NRbioIqX8vta', '01152585585', NULL, NULL, NULL, NULL, 'employer', 'male', 0, NULL, NULL, '2018-08-06 23:13:13', '2018-08-06 23:13:13'),
(44, 'ahmed', 'mohamed', 'gotoa11201012@yahoo.com', '$2y$10$3v73jTAwDvyl4Vjn6WCwy.r1vCow9CH17C4qoD6B/6ds1oKuACRt6', '01152585585', NULL, NULL, NULL, '/storage/users/fSED5bStRDiqTPSPWj3khA466Q5iEQbbkyHmbQuH.jpeg', 'user', 'male', 0, NULL, 'lyWK9mx5GG5JDQWngDZKD1ihgngZkxRPjrs6wCT4mNnFiGEIA5d0tf2Docpl', '2018-08-07 01:48:16', '2018-08-07 02:01:14'),
(45, 'hesh', 'mash', 'gotoaa11201012@yahoo.com', '$2y$10$96yQxauIm1kcsDggcQBCUOSBtr.Z0TCU4SBw4tjisQjE6NrOohbfe', '+201144674894', NULL, NULL, NULL, NULL, 'user', 'male', NULL, NULL, '6kbD5donJsdS7EpHuls5vyQ9XWgifxUyCLCXLkgzz25Ukr8fri7XXhpK42DJ', '2018-08-09 15:26:43', '2018-08-09 15:26:43');

-- --------------------------------------------------------

--
-- Table structure for table `user_skills`
--

CREATE TABLE `user_skills` (
  `id` int(10) UNSIGNED NOT NULL,
  `skill_id` int(10) UNSIGNED NOT NULL,
  `user_id` int(10) UNSIGNED NOT NULL,
  `remember_token` varchar(100) COLLATE utf8mb4_unicode_ci DEFAULT NULL,
  `created_at` timestamp NULL DEFAULT NULL,
  `updated_at` timestamp NULL DEFAULT NULL
) ENGINE=InnoDB DEFAULT CHARSET=utf8mb4 COLLATE=utf8mb4_unicode_ci;

--
-- Dumping data for table `user_skills`
--

INSERT INTO `user_skills` (`id`, `skill_id`, `user_id`, `remember_token`, `created_at`, `updated_at`) VALUES
(1, 2, 42, NULL, NULL, NULL),
(2, 3, 42, NULL, NULL, NULL),
(3, 6, 42, NULL, NULL, NULL),
(4, 7, 42, NULL, NULL, NULL),
(5, 11, 42, NULL, NULL, NULL),
(6, 12, 42, NULL, NULL, NULL),
(7, 1, 42, NULL, NULL, NULL),
(8, 2, 42, NULL, NULL, NULL),
(9, 3, 42, NULL, NULL, NULL),
(10, 4, 42, NULL, NULL, NULL),
(11, 7, 42, NULL, NULL, NULL),
(12, 8, 42, NULL, NULL, NULL),
(13, 83, 42, NULL, NULL, NULL),
(14, 84, 42, NULL, NULL, NULL);

--
-- Indexes for dumped tables
--

--
-- Indexes for table `applies`
--
ALTER TABLE `applies`
  ADD PRIMARY KEY (`id`),
  ADD KEY `applies_user_id_foreign` (`user_id`),
  ADD KEY `applies_job_id_foreign` (`job_id`);

--
-- Indexes for table `bookmarks`
--
ALTER TABLE `bookmarks`
  ADD PRIMARY KEY (`id`),
  ADD KEY `bookmarks_user_id_foreign` (`user_id`),
  ADD KEY `bookmarks_job_id_foreign` (`job_id`);

--
-- Indexes for table `countries`
--
ALTER TABLE `countries`
  ADD PRIMARY KEY (`id`);

--
-- Indexes for table `country_links`
--
ALTER TABLE `country_links`
  ADD PRIMARY KEY (`id`),
  ADD KEY `country_link_counrty_id_foreign` (`country_id`),
  ADD KEY `country_link_user_id_foreign` (`user_id`),
  ADD KEY `country_link_job_id_foreign` (`job_id`);

--
-- Indexes for table `jobs`
--
ALTER TABLE `jobs`
  ADD PRIMARY KEY (`id`),
  ADD KEY `jobs_user_id_foreign` (`user_id`),
  ADD KEY `country_id` (`country_id`);

--
-- Indexes for table `job_skills`
--
ALTER TABLE `job_skills`
  ADD PRIMARY KEY (`id`),
  ADD KEY `job_skills_skill_id_foreign` (`skill_id`),
  ADD KEY `job_skills_job_id_foreign` (`job_id`);

--
-- Indexes for table `migrations`
--
ALTER TABLE `migrations`
  ADD PRIMARY KEY (`id`);

--
-- Indexes for table `password_resets`
--
ALTER TABLE `password_resets`
  ADD KEY `password_resets_email_index` (`email`),
  ADD KEY `password_resets_token_index` (`token`);

--
-- Indexes for table `skills`
--
ALTER TABLE `skills`
  ADD PRIMARY KEY (`id`);

--
-- Indexes for table `users`
--
ALTER TABLE `users`
  ADD PRIMARY KEY (`id`),
  ADD UNIQUE KEY `users_email_unique` (`email`);

--
-- Indexes for table `user_skills`
--
ALTER TABLE `user_skills`
  ADD PRIMARY KEY (`id`),
  ADD KEY `user_skills_skill_id_foreign` (`skill_id`),
  ADD KEY `user_skills_user_id_foreign` (`user_id`);

--
-- AUTO_INCREMENT for dumped tables
--

--
-- AUTO_INCREMENT for table `applies`
--
ALTER TABLE `applies`
  MODIFY `id` int(10) UNSIGNED NOT NULL AUTO_INCREMENT, AUTO_INCREMENT=46;
--
-- AUTO_INCREMENT for table `bookmarks`
--
ALTER TABLE `bookmarks`
  MODIFY `id` int(10) UNSIGNED NOT NULL AUTO_INCREMENT;
--
-- AUTO_INCREMENT for table `countries`
--
ALTER TABLE `countries`
  MODIFY `id` int(10) UNSIGNED NOT NULL AUTO_INCREMENT, AUTO_INCREMENT=240;
--
-- AUTO_INCREMENT for table `country_links`
--
ALTER TABLE `country_links`
  MODIFY `id` int(10) UNSIGNED NOT NULL AUTO_INCREMENT, AUTO_INCREMENT=223;
--
-- AUTO_INCREMENT for table `jobs`
--
ALTER TABLE `jobs`
  MODIFY `id` int(10) UNSIGNED NOT NULL AUTO_INCREMENT, AUTO_INCREMENT=121;
--
-- AUTO_INCREMENT for table `job_skills`
--
ALTER TABLE `job_skills`
  MODIFY `id` int(10) UNSIGNED NOT NULL AUTO_INCREMENT, AUTO_INCREMENT=826;
--
-- AUTO_INCREMENT for table `migrations`
--
ALTER TABLE `migrations`
  MODIFY `id` int(10) UNSIGNED NOT NULL AUTO_INCREMENT, AUTO_INCREMENT=11;
--
-- AUTO_INCREMENT for table `skills`
--
ALTER TABLE `skills`
  MODIFY `id` int(10) UNSIGNED NOT NULL AUTO_INCREMENT, AUTO_INCREMENT=93;
--
-- AUTO_INCREMENT for table `users`
--
ALTER TABLE `users`
  MODIFY `id` int(10) UNSIGNED NOT NULL AUTO_INCREMENT, AUTO_INCREMENT=46;
--
-- AUTO_INCREMENT for table `user_skills`
--
ALTER TABLE `user_skills`
  MODIFY `id` int(10) UNSIGNED NOT NULL AUTO_INCREMENT, AUTO_INCREMENT=15;
--
-- Constraints for dumped tables
--

--
-- Constraints for table `applies`
--
ALTER TABLE `applies`
  ADD CONSTRAINT `applies_job_id_foreign` FOREIGN KEY (`job_id`) REFERENCES `jobs` (`id`) ON DELETE CASCADE ON UPDATE CASCADE,
  ADD CONSTRAINT `applies_user_id_foreign` FOREIGN KEY (`user_id`) REFERENCES `users` (`id`) ON DELETE CASCADE ON UPDATE CASCADE;

--
-- Constraints for table `bookmarks`
--
ALTER TABLE `bookmarks`
  ADD CONSTRAINT `bookmarks_job_id_foreign` FOREIGN KEY (`job_id`) REFERENCES `jobs` (`id`) ON DELETE CASCADE ON UPDATE CASCADE,
  ADD CONSTRAINT `bookmarks_user_id_foreign` FOREIGN KEY (`user_id`) REFERENCES `users` (`id`) ON DELETE CASCADE ON UPDATE CASCADE;

--
-- Constraints for table `country_links`
--
ALTER TABLE `country_links`
  ADD CONSTRAINT `country_link_counrty_id_foreign` FOREIGN KEY (`country_id`) REFERENCES `countries` (`id`) ON DELETE CASCADE ON UPDATE CASCADE,
  ADD CONSTRAINT `country_link_job_id_foreign` FOREIGN KEY (`job_id`) REFERENCES `jobs` (`id`) ON DELETE CASCADE ON UPDATE CASCADE,
  ADD CONSTRAINT `country_link_user_id_foreign` FOREIGN KEY (`user_id`) REFERENCES `users` (`id`) ON DELETE CASCADE ON UPDATE CASCADE;

--
-- Constraints for table `jobs`
--
ALTER TABLE `jobs`
  ADD CONSTRAINT `jobs_user_id_foreign` FOREIGN KEY (`user_id`) REFERENCES `users` (`id`) ON DELETE CASCADE ON UPDATE CASCADE;

--
-- Constraints for table `job_skills`
--
ALTER TABLE `job_skills`
  ADD CONSTRAINT `job_skills_job_id_foreign` FOREIGN KEY (`job_id`) REFERENCES `jobs` (`id`) ON DELETE CASCADE ON UPDATE CASCADE,
  ADD CONSTRAINT `job_skills_skill_id_foreign` FOREIGN KEY (`skill_id`) REFERENCES `skills` (`id`) ON DELETE CASCADE ON UPDATE CASCADE;

--
-- Constraints for table `user_skills`
--
ALTER TABLE `user_skills`
  ADD CONSTRAINT `user_skills_skill_id_foreign` FOREIGN KEY (`skill_id`) REFERENCES `skills` (`id`) ON DELETE CASCADE ON UPDATE CASCADE,
  ADD CONSTRAINT `user_skills_user_id_foreign` FOREIGN KEY (`user_id`) REFERENCES `users` (`id`) ON DELETE CASCADE ON UPDATE CASCADE;

/*!40101 SET CHARACTER_SET_CLIENT=@OLD_CHARACTER_SET_CLIENT */;
/*!40101 SET CHARACTER_SET_RESULTS=@OLD_CHARACTER_SET_RESULTS */;
/*!40101 SET COLLATION_CONNECTION=@OLD_COLLATION_CONNECTION */;
